2025-09-09 14:36:38 - INFO - Scraping search results from: https://www.subito.it/annunci-lazio/vendita/usato/roma/roma/?q=tavola+da+surf
2025-09-09 14:36:38 - INFO - Found 31 potential ad containers on the page.
2025-09-09 14:36:38 - INFO - --- Processing NEW ad: https://www.subito.it/sport/tavola-surf-morbida-softboard-loot-hayden-shapes-roma-563712602.htm ---
2025-09-09 14:36:39 - INFO -   > Scraped Data for Ad:
2025-09-09 14:36:39 - INFO -     - model          : Tavola surf morbida Softboard Loot Hayden Shapes
2025-09-09 14:36:39 - INFO -     - price          : 170.0
2025-09-09 14:36:39 - INFO -     - location       : Roma (RM)
2025-09-09 14:36:39 - INFO -     - link           : https://www.subito.it/sport/tavola-surf-morbida-softboard-loot-hayden-shapes-roma-563712602.htm
2025-09-09 14:36:39 - INFO -     - brand          : Hayden Shapes
2025-09-09 14:36:39 - INFO -     - length_ft      : None
2025-09-09 14:36:39 - INFO -     - length_in      : None
2025-09-09 14:36:39 - INFO -     - width_in       : None
2025-09-09 14:36:39 - INFO -     - thickness_in   : None
2025-09-09 14:36:39 - INFO -     - liters         : None
2025-09-09 14:36:40 - INFO - --- Processing NEW ad: https://www.subito.it/sport/tavola-da-surf-roma-615545652.htm ---
2025-09-09 14:36:40 - INFO -   > Scraped Data for Ad:
2025-09-09 14:36:40 - INFO -     - model          : Tavola da surf
2025-09-09 14:36:40 - INFO -     - price          : 250.0
2025-09-09 14:36:40 - INFO -     - location       : Roma (RM)
2025-09-09 14:36:40 - INFO -     - link           : https://www.subito.it/sport/tavola-da-surf-roma-615545652.htm
2025-09-09 14:36:40 - INFO -     - brand          : None
2025-09-09 14:36:40 - INFO -     - length_ft      : None
2025-09-09 14:36:40 - INFO -     - length_in      : None
2025-09-09 14:36:40 - INFO -     - width_in       : None
2025-09-09 14:36:40 - INFO -     - thickness_in   : None
2025-09-09 14:36:40 - INFO -     - liters         : None
2025-09-09 14:36:42 - INFO - --- Processing NEW ad: https://www.subito.it/sport/windsurf-tavola-fanatic-ray-mega-100-litri-roma-508967897.htm ---
2025-09-09 14:36:43 - INFO -   > Scraped Data for Ad:
2025-09-09 14:36:43 - INFO -     - model          : Windsurf tavola Fanatic Ray Mega 100 litri
2025-09-09 14:36:43 - INFO -     - price          : 145.0
2025-09-09 14:36:43 - INFO -     - location       : Roma (RM)
2025-09-09 14:36:43 - INFO -     - link           : https://www.subito.it/sport/windsurf-tavola-fanatic-ray-mega-100-litri-roma-508967897.htm
2025-09-09 14:36:43 - INFO -     - brand          : None
2025-09-09 14:36:43 - INFO -     - length_ft      : None
2025-09-09 14:36:43 - INFO -     - length_in      : None
2025-09-09 14:36:43 - INFO -     - width_in       : None
2025-09-09 14:36:43 - INFO -     - thickness_in   : None
2025-09-09 14:36:43 - INFO -     - liters         : 100.0
2025-09-09 14:36:46 - INFO - --- Processing NEW ad: https://www.subito.it/sport/tavola-da-surf-roma-615491921.htm ---
2025-09-09 14:36:46 - INFO -   > Scraped Data for Ad:
2025-09-09 14:36:46 - INFO -     - model          : Tavola da surf
2025-09-09 14:36:46 - INFO -     - price          : 400.0
2025-09-09 14:36:46 - INFO -     - location       : Roma (RM)
2025-09-09 14:36:46 - INFO -     - link           : https://www.subito.it/sport/tavola-da-surf-roma-615491921.htm
2025-09-09 14:36:46 - INFO -     - brand          : None
2025-09-09 14:36:46 - INFO -     - length_ft      : None
2025-09-09 14:36:46 - INFO -     - length_in      : None
2025-09-09 14:36:46 - INFO -     - width_in       : None
2025-09-09 14:36:46 - INFO -     - thickness_in   : None
2025-09-09 14:36:46 - INFO -     - liters         : None
2025-09-09 14:36:49 - INFO - --- Processing NEW ad: https://www.subito.it/sport/tavola-da-surf-firewire-seaside-misure-5-6-roma-594495900.htm ---
2025-09-09 14:36:49 - INFO -   > Scraped Data for Ad:
2025-09-09 14:36:49 - INFO -     - model          : Tavola da surf Firewire Seaside misure 5.6
2025-09-09 14:36:49 - INFO -     - price          : 400.0
2025-09-09 14:36:49 - INFO -     - location       : Roma (RM)
2025-09-09 14:36:49 - INFO -     - link           : https://www.subito.it/sport/tavola-da-surf-firewire-seaside-misure-5-6-roma-594495900.htm
2025-09-09 14:36:49 - INFO -     - brand          : Firewire
2025-09-09 14:36:49 - INFO -     - length_ft      : 5
2025-09-09 14:36:49 - INFO -     - length_in      : 6
2025-09-09 14:36:49 - INFO -     - width_in       : None
2025-09-09 14:36:49 - INFO -     - thickness_in   : None
2025-09-09 14:36:49 - INFO -     - liters         : None
2025-09-09 14:36:51 - INFO - --- Processing NEW ad: https://www.subito.it/sport/tavola-surf-morbida-softboard-loot-hayden-shapes-roma-563712602.htm ---
2025-09-09 14:36:51 - INFO -   > Scraped Data for Ad:
2025-09-09 14:36:51 - INFO -     - model          : Tavola surf morbida Softboard Loot Hayden Shapes
2025-09-09 14:36:51 - INFO -     - price          : 170.0
2025-09-09 14:36:51 - INFO -     - location       : Roma (RM)
2025-09-09 14:36:51 - INFO -     - link           : https://www.subito.it/sport/tavola-surf-morbida-softboard-loot-hayden-shapes-roma-563712602.htm
2025-09-09 14:36:51 - INFO -     - brand          : Hayden Shapes
2025-09-09 14:36:51 - INFO -     - length_ft      : None
2025-09-09 14:36:51 - INFO -     - length_in      : None
2025-09-09 14:36:51 - INFO -     - width_in       : None
2025-09-09 14:36:51 - INFO -     - thickness_in   : None
2025-09-09 14:36:51 - INFO -     - liters         : None
2025-09-09 14:36:52 - INFO - --- Processing NEW ad: https://www.subito.it/sport/tavola-surf-pukas-hyperlink-5-11-32-litri-roma-roma-615150018.htm ---
2025-09-09 14:36:52 - INFO -   > Scraped Data for Ad:
2025-09-09 14:36:52 - INFO -     - model          : Tavola Surf Pukas Hyperlink 5.11 - 32 Litri Roma
2025-09-09 14:36:52 - INFO -     - price          : 350.0
2025-09-09 14:36:52 - INFO -     - location       : Roma (RM)
2025-09-09 14:36:52 - INFO -     - link           : https://www.subito.it/sport/tavola-surf-pukas-hyperlink-5-11-32-litri-roma-roma-615150018.htm
2025-09-09 14:36:52 - INFO -     - brand          : Pukas
2025-09-09 14:36:52 - INFO -     - length_ft      : 5
2025-09-09 14:36:52 - INFO -     - length_in      : 11
2025-09-09 14:36:52 - INFO -     - width_in       : None
2025-09-09 14:36:52 - INFO -     - thickness_in   : None
2025-09-09 14:36:52 - INFO -     - liters         : 32.0
2025-09-09 14:36:54 - INFO - --- Processing NEW ad: https://www.subito.it/sport/tavola-da-surf-soft-morbida-roma-615306556.htm ---
2025-09-09 14:36:54 - INFO -   > Scraped Data for Ad:
2025-09-09 14:36:54 - INFO -     - model          : Tavola da surf soft, morbida
2025-09-09 14:36:54 - INFO -     - price          : 180.0
2025-09-09 14:36:54 - INFO -     - location       : Roma (RM)
2025-09-09 14:36:54 - INFO -     - link           : https://www.subito.it/sport/tavola-da-surf-soft-morbida-roma-615306556.htm
2025-09-09 14:36:54 - INFO -     - brand          : None
2025-09-09 14:36:54 - INFO -     - length_ft      : None
2025-09-09 14:36:54 - INFO -     - length_in      : None
2025-09-09 14:36:54 - INFO -     - width_in       : None
2025-09-09 14:36:54 - INFO -     - thickness_in   : None
2025-09-09 14:36:54 - INFO -     - liters         : None
2025-09-09 14:36:57 - INFO - --- Processing NEW ad: https://www.subito.it/sport/tavola-da-surf-nuova-roma-568510366.htm ---
2025-09-09 14:36:57 - INFO -   > Scraped Data for Ad:
2025-09-09 14:36:57 - INFO -     - model          : Tavola da surf Nuova
2025-09-09 14:36:57 - INFO -     - price          : 200.0
2025-09-09 14:36:57 - INFO -     - location       : Roma (RM)
2025-09-09 14:36:57 - INFO -     - link           : https://www.subito.it/sport/tavola-da-surf-nuova-roma-568510366.htm
2025-09-09 14:36:57 - INFO -     - brand          : None
2025-09-09 14:36:57 - INFO -     - length_ft      : None
2025-09-09 14:36:57 - INFO -     - length_in      : None
2025-09-09 14:36:57 - INFO -     - width_in       : None
2025-09-09 14:36:57 - INFO -     - thickness_in   : None
2025-09-09 14:36:57 - INFO -     - liters         : None
2025-09-09 14:36:59 - INFO - --- Processing NEW ad: https://www.subito.it/sport/surf-longboard-roma-615193023.htm ---
2025-09-09 14:36:59 - INFO -   > Scraped Data for Ad:
2025-09-09 14:36:59 - INFO -     - model          : surf longboard
2025-09-09 14:36:59 - INFO -     - price          : 400.0
2025-09-09 14:36:59 - INFO -     - location       : Roma (RM)
2025-09-09 14:36:59 - INFO -     - link           : https://www.subito.it/sport/surf-longboard-roma-615193023.htm
2025-09-09 14:36:59 - INFO -     - brand          : None
2025-09-09 14:36:59 - INFO -     - length_ft      : None
2025-09-09 14:36:59 - INFO -     - length_in      : None
2025-09-09 14:36:59 - INFO -     - width_in       : None
2025-09-09 14:36:59 - INFO -     - thickness_in   : None
2025-09-09 14:36:59 - INFO -     - liters         : None
2025-09-09 14:37:01 - INFO - --- Processing NEW ad: https://www.subito.it/sport/tavola-surf-da-onda-longboard-roma-615161364.htm ---
2025-09-09 14:37:01 - INFO -   > Scraped Data for Ad:
2025-09-09 14:37:01 - INFO -     - model          : Tavola Surf  da onda Longboard
2025-09-09 14:37:01 - INFO -     - price          : 450.0
2025-09-09 14:37:01 - INFO -     - location       : Roma (RM)
2025-09-09 14:37:01 - INFO -     - link           : https://www.subito.it/sport/tavola-surf-da-onda-longboard-roma-615161364.htm
2025-09-09 14:37:01 - INFO -     - brand          : None
2025-09-09 14:37:01 - INFO -     - length_ft      : None
2025-09-09 14:37:01 - INFO -     - length_in      : None
2025-09-09 14:37:01 - INFO -     - width_in       : None
2025-09-09 14:37:01 - INFO -     - thickness_in   : None
2025-09-09 14:37:01 - INFO -     - liters         : None
2025-09-09 14:37:03 - INFO - --- Processing NEW ad: https://www.subito.it/sport/tavola-surf-longboard-crime-glider-roma-614704274.htm ---
2025-09-09 14:37:03 - INFO -   > Scraped Data for Ad:
2025-09-09 14:37:03 - INFO -     - model          : Tavola surf longboard Crime GLIDER
2025-09-09 14:37:03 - INFO -     - price          : 760.0
2025-09-09 14:37:03 - INFO -     - location       : Roma (RM)
2025-09-09 14:37:03 - INFO -     - link           : https://www.subito.it/sport/tavola-surf-longboard-crime-glider-roma-614704274.htm
2025-09-09 14:37:03 - INFO -     - brand          : None
2025-09-09 14:37:03 - INFO -     - length_ft      : None
2025-09-09 14:37:03 - INFO -     - length_in      : None
2025-09-09 14:37:03 - INFO -     - width_in       : None
2025-09-09 14:37:03 - INFO -     - thickness_in   : None
2025-09-09 14:37:03 - INFO -     - liters         : None
2025-09-09 14:37:05 - INFO - --- Processing NEW ad: https://www.subito.it/sport/tavola-da-surf-mccoy-surfboards-roma-614658070.htm ---
2025-09-09 14:37:06 - INFO -   > Scraped Data for Ad:
2025-09-09 14:37:06 - INFO -     - model          : Tavola da Surf  "McCoy Surfboards"
2025-09-09 14:37:06 - INFO -     - price          : 400.0
2025-09-09 14:37:06 - INFO -     - location       : Roma (RM)
2025-09-09 14:37:06 - INFO -     - link           : https://www.subito.it/sport/tavola-da-surf-mccoy-surfboards-roma-614658070.htm
2025-09-09 14:37:06 - INFO -     - brand          : None
2025-09-09 14:37:06 - INFO -     - length_ft      : None
2025-09-09 14:37:06 - INFO -     - length_in      : None
2025-09-09 14:37:06 - INFO -     - width_in       : None
2025-09-09 14:37:06 - INFO -     - thickness_in   : None
2025-09-09 14:37:06 - INFO -     - liters         : None
2025-09-09 14:37:08 - INFO - --- Processing NEW ad: https://www.subito.it/sport/tavola-surf-rocket-wide-channel-island-swallow-roma-614602357.htm ---
2025-09-09 14:37:09 - INFO -   > Scraped Data for Ad:
2025-09-09 14:37:09 - INFO -     - model          : Tavola surf Rocket Wide Channel Island swallow
2025-09-09 14:37:09 - INFO -     - price          : 399.0
2025-09-09 14:37:09 - INFO -     - location       : Roma (RM)
2025-09-09 14:37:09 - INFO -     - link           : https://www.subito.it/sport/tavola-surf-rocket-wide-channel-island-swallow-roma-614602357.htm
2025-09-09 14:37:09 - INFO -     - brand          : None
2025-09-09 14:37:09 - INFO -     - length_ft      : None
2025-09-09 14:37:09 - INFO -     - length_in      : None
2025-09-09 14:37:09 - INFO -     - width_in       : None
2025-09-09 14:37:09 - INFO -     - thickness_in   : None
2025-09-09 14:37:09 - INFO -     - liters         : None
2025-09-09 14:37:11 - INFO - --- Processing NEW ad: https://www.subito.it/sport/tavola-sup-wave-roma-567339123.htm ---
2025-09-09 14:37:11 - INFO -   > Scraped Data for Ad:
2025-09-09 14:37:11 - INFO -     - model          : Tavola SUP Wave
2025-09-09 14:37:11 - INFO -     - price          : 350.0
2025-09-09 14:37:11 - INFO -     - location       : Roma (RM)
2025-09-09 14:37:11 - INFO -     - link           : https://www.subito.it/sport/tavola-sup-wave-roma-567339123.htm
2025-09-09 14:37:11 - INFO -     - brand          : None
2025-09-09 14:37:11 - INFO -     - length_ft      : None
2025-09-09 14:37:11 - INFO -     - length_in      : None
2025-09-09 14:37:11 - INFO -     - width_in       : None
2025-09-09 14:37:11 - INFO -     - thickness_in   : None
2025-09-09 14:37:11 - INFO -     - liters         : None
2025-09-09 14:37:13 - INFO - --- Processing NEW ad: https://www.subito.it/bambini-giocattoli/tavole-da-surf-roma-614109433.htm ---
2025-09-09 14:37:13 - INFO -   > Scraped Data for Ad:
2025-09-09 14:37:13 - INFO -     - model          : Tavole da surf
2025-09-09 14:37:13 - INFO -     - price          : 15.0
2025-09-09 14:37:13 - INFO -     - location       : Roma (RM)
2025-09-09 14:37:13 - INFO -     - link           : https://www.subito.it/bambini-giocattoli/tavole-da-surf-roma-614109433.htm
2025-09-09 14:37:13 - INFO -     - brand          : None
2025-09-09 14:37:13 - INFO -     - length_ft      : None
2025-09-09 14:37:13 - INFO -     - length_in      : None
2025-09-09 14:37:13 - INFO -     - width_in       : None
2025-09-09 14:37:13 - INFO -     - thickness_in   : None
2025-09-09 14:37:13 - INFO -     - liters         : None
2025-09-09 14:37:16 - INFO - --- Processing NEW ad: https://www.subito.it/sport/tavola-da-surf-soft-8-roma-614157845.htm ---
2025-09-09 14:37:16 - INFO -   > Scraped Data for Ad:
2025-09-09 14:37:16 - INFO -     - model          : Tavola da surf soft 8'
2025-09-09 14:37:16 - INFO -     - price          : 300.0
2025-09-09 14:37:16 - INFO -     - location       : Roma (RM)
2025-09-09 14:37:16 - INFO -     - link           : https://www.subito.it/sport/tavola-da-surf-soft-8-roma-614157845.htm
2025-09-09 14:37:16 - INFO -     - brand          : None
2025-09-09 14:37:16 - INFO -     - length_ft      : None
2025-09-09 14:37:16 - INFO -     - length_in      : None
2025-09-09 14:37:16 - INFO -     - width_in       : None
2025-09-09 14:37:16 - INFO -     - thickness_in   : None
2025-09-09 14:37:16 - INFO -     - liters         : None
2025-09-09 14:37:19 - INFO - --- Processing NEW ad: https://www.subito.it/sport/tavola-surf-bruce-hansel-the-whale-6-4-43lt-roma-613376379.htm ---
2025-09-09 14:37:19 - INFO -   > Scraped Data for Ad:
2025-09-09 14:37:19 - INFO -     - model          : Tavola Surf Bruce Hansel "The Whale" 6'4 43lt
2025-09-09 14:37:19 - INFO -     - price          : 400.0
2025-09-09 14:37:19 - INFO -     - location       : Roma (RM)
2025-09-09 14:37:19 - INFO -     - link           : https://www.subito.it/sport/tavola-surf-bruce-hansel-the-whale-6-4-43lt-roma-613376379.htm
2025-09-09 14:37:19 - INFO -     - brand          : None
2025-09-09 14:37:19 - INFO -     - length_ft      : 6
2025-09-09 14:37:19 - INFO -     - length_in      : 4
2025-09-09 14:37:19 - INFO -     - width_in       : None
2025-09-09 14:37:19 - INFO -     - thickness_in   : None
2025-09-09 14:37:19 - INFO -     - liters         : 43.0
2025-09-09 14:37:20 - INFO - --- Processing NEW ad: https://www.subito.it/sport/tavola-surf-6-0-33-5l-2024-roma-613966894.htm ---
2025-09-09 14:37:21 - INFO -   > Scraped Data for Ad:
2025-09-09 14:37:21 - INFO -     - model          : Tavola Surf 6.0 - 33.5l (2024)
2025-09-09 14:37:21 - INFO -     - price          : 280.0
2025-09-09 14:37:21 - INFO -     - location       : Roma (RM)
2025-09-09 14:37:21 - INFO -     - link           : https://www.subito.it/sport/tavola-surf-6-0-33-5l-2024-roma-613966894.htm
2025-09-09 14:37:21 - INFO -     - brand          : None
2025-09-09 14:37:21 - INFO -     - length_ft      : 6
2025-09-09 14:37:21 - INFO -     - length_in      : 0
2025-09-09 14:37:21 - INFO -     - width_in       : None
2025-09-09 14:37:21 - INFO -     - thickness_in   : None
2025-09-09 14:37:21 - INFO -     - liters         : 33.5
2025-09-09 14:37:23 - INFO - --- Processing NEW ad: https://www.subito.it/sport/tavola-da-surf-perfetta-reds-made-roma-613664546.htm ---
2025-09-09 14:37:23 - INFO -   > Scraped Data for Ad:
2025-09-09 14:37:23 - INFO -     - model          : Tavola  da surf perfetta “Reds made”
2025-09-09 14:37:23 - INFO -     - price          : 250.0
2025-09-09 14:37:23 - INFO -     - location       : Roma (RM)
2025-09-09 14:37:23 - INFO -     - link           : https://www.subito.it/sport/tavola-da-surf-perfetta-reds-made-roma-613664546.htm
2025-09-09 14:37:23 - INFO -     - brand          : None
2025-09-09 14:37:23 - INFO -     - length_ft      : None
2025-09-09 14:37:23 - INFO -     - length_in      : None
2025-09-09 14:37:23 - INFO -     - width_in       : None
2025-09-09 14:37:23 - INFO -     - thickness_in   : None
2025-09-09 14:37:23 - INFO -     - liters         : None
2025-09-09 14:37:26 - INFO - --- Processing NEW ad: https://www.subito.it/sport/tavola-surf-cbc-sushi-fish-6-2-x-22-x-3-roma-613590274.htm ---
2025-09-09 14:37:26 - INFO -   > Scraped Data for Ad:
2025-09-09 14:37:26 - INFO -     - model          : Tavola Surf CBC Sushi Fish 6'2'' x 22" x 3"
2025-09-09 14:37:26 - INFO -     - price          : 250.0
2025-09-09 14:37:26 - INFO -     - location       : Roma (RM)
2025-09-09 14:37:26 - INFO -     - link           : https://www.subito.it/sport/tavola-surf-cbc-sushi-fish-6-2-x-22-x-3-roma-613590274.htm
2025-09-09 14:37:26 - INFO -     - brand          : None
2025-09-09 14:37:26 - INFO -     - length_ft      : 6
2025-09-09 14:37:26 - INFO -     - length_in      : 2
2025-09-09 14:37:26 - INFO -     - width_in       : 22.0
2025-09-09 14:37:26 - INFO -     - thickness_in   : 3.0
2025-09-09 14:37:26 - INFO -     - liters         : None
2025-09-09 14:37:29 - INFO - --- Processing NEW ad: https://www.subito.it/sport/tavola-da-surf-sharpeye-roma-613516842.htm ---
2025-09-09 14:37:29 - INFO -   > Scraped Data for Ad:
2025-09-09 14:37:29 - INFO -     - model          : Tavola da surf sharpeye
2025-09-09 14:37:29 - INFO -     - price          : 330.0
2025-09-09 14:37:29 - INFO -     - location       : Roma (RM)
2025-09-09 14:37:29 - INFO -     - link           : https://www.subito.it/sport/tavola-da-surf-sharpeye-roma-613516842.htm
2025-09-09 14:37:29 - INFO -     - brand          : None
2025-09-09 14:37:29 - INFO -     - length_ft      : None
2025-09-09 14:37:29 - INFO -     - length_in      : None
2025-09-09 14:37:29 - INFO -     - width_in       : None
2025-09-09 14:37:29 - INFO -     - thickness_in   : None
2025-09-09 14:37:29 - INFO -     - liters         : None
2025-09-09 14:37:32 - INFO - --- Processing NEW ad: https://www.subito.it/sport/tavola-da-surf-circa-9-roma-613442648.htm ---
2025-09-09 14:37:32 - INFO -   > Scraped Data for Ad:
2025-09-09 14:37:32 - INFO -     - model          : Tavola da surf circa ‘9
2025-09-09 14:37:32 - INFO -     - price          : 150.0
2025-09-09 14:37:32 - INFO -     - location       : Roma (RM)
2025-09-09 14:37:32 - INFO -     - link           : https://www.subito.it/sport/tavola-da-surf-circa-9-roma-613442648.htm
2025-09-09 14:37:32 - INFO -     - brand          : None
2025-09-09 14:37:32 - INFO -     - length_ft      : None
2025-09-09 14:37:32 - INFO -     - length_in      : None
2025-09-09 14:37:32 - INFO -     - width_in       : None
2025-09-09 14:37:32 - INFO -     - thickness_in   : None
2025-09-09 14:37:32 - INFO -     - liters         : None
2025-09-09 14:37:33 - INFO - --- Processing NEW ad: https://www.subito.it/sport/sup-windsurf-adh-sealion-xl-150l-roma-613404871.htm ---
2025-09-09 14:37:34 - INFO -   > Scraped Data for Ad:
2025-09-09 14:37:34 - INFO -     - model          : SUP/Windsurf ADH Sealion XL 150L
2025-09-09 14:37:34 - INFO -     - price          : 350.0
2025-09-09 14:37:34 - INFO -     - location       : Roma (RM)
2025-09-09 14:37:34 - INFO -     - link           : https://www.subito.it/sport/sup-windsurf-adh-sealion-xl-150l-roma-613404871.htm
2025-09-09 14:37:34 - INFO -     - brand          : None
2025-09-09 14:37:34 - INFO -     - length_ft      : None
2025-09-09 14:37:34 - INFO -     - length_in      : None
2025-09-09 14:37:34 - INFO -     - width_in       : None
2025-09-09 14:37:34 - INFO -     - thickness_in   : None
2025-09-09 14:37:34 - INFO -     - liters         : 150.0
2025-09-09 14:37:35 - INFO - --- Processing NEW ad: https://www.subito.it/sport/tavola-da-surf-roma-613276535.htm ---
2025-09-09 14:37:36 - INFO -   > Scraped Data for Ad:
2025-09-09 14:37:36 - INFO -     - model          : Tavola da surf
2025-09-09 14:37:36 - INFO -     - price          : 350.0
2025-09-09 14:37:36 - INFO -     - location       : Roma (RM)
2025-09-09 14:37:36 - INFO -     - link           : https://www.subito.it/sport/tavola-da-surf-roma-613276535.htm
2025-09-09 14:37:36 - INFO -     - brand          : None
2025-09-09 14:37:36 - INFO -     - length_ft      : None
2025-09-09 14:37:36 - INFO -     - length_in      : None
2025-09-09 14:37:36 - INFO -     - width_in       : None
2025-09-09 14:37:36 - INFO -     - thickness_in   : None
2025-09-09 14:37:36 - INFO -     - liters         : None
2025-09-09 14:37:38 - INFO - --- Processing NEW ad: https://www.subito.it/sport/surf-da-onda-roma-507124389.htm ---
2025-09-09 14:37:38 - INFO -   > Scraped Data for Ad:
2025-09-09 14:37:38 - INFO -     - model          : Surf da onda
2025-09-09 14:37:38 - INFO -     - price          : 450.0
2025-09-09 14:37:38 - INFO -     - location       : Roma (RM)
2025-09-09 14:37:38 - INFO -     - link           : https://www.subito.it/sport/surf-da-onda-roma-507124389.htm
2025-09-09 14:37:38 - INFO -     - brand          : None
2025-09-09 14:37:38 - INFO -     - length_ft      : None
2025-09-09 14:37:38 - INFO -     - length_in      : None
2025-09-09 14:37:38 - INFO -     - width_in       : None
2025-09-09 14:37:38 - INFO -     - thickness_in   : None
2025-09-09 14:37:38 - INFO -     - liters         : None
2025-09-09 14:37:40 - INFO - --- Processing NEW ad: https://www.subito.it/sport/tavola-da-surf-roma-613106270.htm ---
2025-09-09 14:37:40 - INFO -   > Scraped Data for Ad:
2025-09-09 14:37:40 - INFO -     - model          : Tavola da surf
2025-09-09 14:37:40 - INFO -     - price          : 450.0
2025-09-09 14:37:40 - INFO -     - location       : Roma (RM)
2025-09-09 14:37:40 - INFO -     - link           : https://www.subito.it/sport/tavola-da-surf-roma-613106270.htm
2025-09-09 14:37:40 - INFO -     - brand          : None
2025-09-09 14:37:40 - INFO -     - length_ft      : None
2025-09-09 14:37:40 - INFO -     - length_in      : None
2025-09-09 14:37:40 - INFO -     - width_in       : None
2025-09-09 14:37:40 - INFO -     - thickness_in   : None
2025-09-09 14:37:40 - INFO -     - liters         : None
2025-09-09 14:37:43 - INFO - --- Processing NEW ad: https://www.subito.it/sport/sup-gonfiabile-roma-613044721.htm ---
2025-09-09 14:37:43 - INFO -   > Scraped Data for Ad:
2025-09-09 14:37:43 - INFO -     - model          : SUP gonfiabile
2025-09-09 14:37:43 - INFO -     - price          : 150.0
2025-09-09 14:37:43 - INFO -     - location       : Roma (RM)
2025-09-09 14:37:43 - INFO -     - link           : https://www.subito.it/sport/sup-gonfiabile-roma-613044721.htm
2025-09-09 14:37:43 - INFO -     - brand          : None
2025-09-09 14:37:43 - INFO -     - length_ft      : None
2025-09-09 14:37:43 - INFO -     - length_in      : None
2025-09-09 14:37:43 - INFO -     - width_in       : None
2025-09-09 14:37:43 - INFO -     - thickness_in   : None
2025-09-09 14:37:43 - INFO -     - liters         : None
2025-09-09 14:37:44 - INFO - --- Processing NEW ad: https://www.subito.it/sport/lost-surfboards-mayhem-sub-driver-2-0-pro-formance-roma-612940174.htm ---
2025-09-09 14:37:44 - INFO -   > Scraped Data for Ad:
2025-09-09 14:37:44 - INFO -     - model          : Lost Surfboards Mayhem Sub-Driver 2.0 pro-formance
2025-09-09 14:37:44 - INFO -     - price          : 499.0
2025-09-09 14:37:44 - INFO -     - location       : Roma (RM)
2025-09-09 14:37:44 - INFO -     - link           : https://www.subito.it/sport/lost-surfboards-mayhem-sub-driver-2-0-pro-formance-roma-612940174.htm
2025-09-09 14:37:44 - INFO -     - brand          : Lost
2025-09-09 14:37:44 - INFO -     - length_ft      : None
2025-09-09 14:37:44 - INFO -     - length_in      : None
2025-09-09 14:37:44 - INFO -     - width_in       : None
2025-09-09 14:37:44 - INFO -     - thickness_in   : None
2025-09-09 14:37:44 - INFO -     - liters         : None
2025-09-09 14:37:45 - INFO - --- Processing NEW ad: https://www.subito.it/abbigliamento-accessori/ciondolo-argento-raspini-a-tema-sport-roma-612641358.htm ---
2025-09-09 14:37:46 - INFO -   > Scraped Data for Ad:
2025-09-09 14:37:46 - INFO -     - model          : Ciondolo argento Raspini a tema sport
2025-09-09 14:37:46 - INFO -     - price          : 25.0
2025-09-09 14:37:46 - INFO -     - location       : Roma (RM)
2025-09-09 14:37:46 - INFO -     - link           : https://www.subito.it/abbigliamento-accessori/ciondolo-argento-raspini-a-tema-sport-roma-612641358.htm
2025-09-09 14:37:46 - INFO -     - brand          : None
2025-09-09 14:37:46 - INFO -     - length_ft      : None
2025-09-09 14:37:46 - INFO -     - length_in      : None
2025-09-09 14:37:46 - INFO -     - width_in       : None
2025-09-09 14:37:46 - INFO -     - thickness_in   : None
2025-09-09 14:37:46 - INFO -     - liters         : None
2025-09-09 14:37:47 - INFO - --- Processing NEW ad: https://www.subito.it/sport/tavola-surf-surfboard-gonfiabile-coasto-8-roma-564620833.htm ---
2025-09-09 14:37:47 - INFO -   > Scraped Data for Ad:
2025-09-09 14:37:47 - INFO -     - model          : Tavola Surf Surfboard Gonfiabile Coasto 8’
2025-09-09 14:37:47 - INFO -     - price          : 230.0
2025-09-09 14:37:47 - INFO -     - location       : Roma (RM)
2025-09-09 14:37:47 - INFO -     - link           : https://www.subito.it/sport/tavola-surf-surfboard-gonfiabile-coasto-8-roma-564620833.htm
2025-09-09 14:37:47 - INFO -     - brand          : None
2025-09-09 14:37:47 - INFO -     - length_ft      : None
2025-09-09 14:37:47 - INFO -     - length_in      : None
2025-09-09 14:37:47 - INFO -     - width_in       : None
2025-09-09 14:37:47 - INFO -     - thickness_in   : None
2025-09-09 14:37:47 - INFO -     - liters         : None
2025-09-09 14:37:49 - INFO - Scraping search results from: https://www.subito.it/annunci-lazio/vendita/usato/roma/roma/?q=surfboard
2025-09-09 14:37:49 - INFO - Found 28 potential ad containers on the page.
2025-09-09 14:37:49 - INFO - --- Processing NEW ad: https://www.subito.it/abbigliamento-accessori/orologio-bulova-uomo-roma-615436765.htm ---
2025-09-09 14:37:50 - INFO -   > Scraped Data for Ad:
2025-09-09 14:37:50 - INFO -     - model          : orologio bulova uomo
2025-09-09 14:37:50 - INFO -     - price          : 349.0
2025-09-09 14:37:50 - INFO -     - location       : Roma (RM)
2025-09-09 14:37:50 - INFO -     - link           : https://www.subito.it/abbigliamento-accessori/orologio-bulova-uomo-roma-615436765.htm
2025-09-09 14:37:50 - INFO -     - brand          : None
2025-09-09 14:37:50 - INFO -     - length_ft      : None
2025-09-09 14:37:50 - INFO -     - length_in      : None
2025-09-09 14:37:50 - INFO -     - width_in       : None
2025-09-09 14:37:50 - INFO -     - thickness_in   : None
2025-09-09 14:37:50 - INFO -     - liters         : None
2025-09-09 14:37:53 - INFO - --- Processing NEW ad: https://www.subito.it/sport/tavola-surf-pukas-hyperlink-5-11-32-litri-roma-roma-615150018.htm ---
2025-09-09 14:37:53 - INFO -   > Scraped Data for Ad:
2025-09-09 14:37:53 - INFO -     - model          : Tavola Surf Pukas Hyperlink 5.11 - 32 Litri Roma
2025-09-09 14:37:53 - INFO -     - price          : 350.0
2025-09-09 14:37:53 - INFO -     - location       : Roma (RM)
2025-09-09 14:37:53 - INFO -     - link           : https://www.subito.it/sport/tavola-surf-pukas-hyperlink-5-11-32-litri-roma-roma-615150018.htm
2025-09-09 14:37:53 - INFO -     - brand          : Pukas
2025-09-09 14:37:53 - INFO -     - length_ft      : 5
2025-09-09 14:37:53 - INFO -     - length_in      : 11
2025-09-09 14:37:53 - INFO -     - width_in       : None
2025-09-09 14:37:53 - INFO -     - thickness_in   : None
2025-09-09 14:37:53 - INFO -     - liters         : 32.0
2025-09-09 14:37:55 - INFO - --- Processing NEW ad: https://www.subito.it/sport/tavola-surf-longboard-crime-glider-roma-614704274.htm ---
2025-09-09 14:37:55 - INFO -   > Scraped Data for Ad:
2025-09-09 14:37:55 - INFO -     - model          : Tavola surf longboard Crime GLIDER
2025-09-09 14:37:55 - INFO -     - price          : 760.0
2025-09-09 14:37:55 - INFO -     - location       : Roma (RM)
2025-09-09 14:37:55 - INFO -     - link           : https://www.subito.it/sport/tavola-surf-longboard-crime-glider-roma-614704274.htm
2025-09-09 14:37:55 - INFO -     - brand          : None
2025-09-09 14:37:55 - INFO -     - length_ft      : None
2025-09-09 14:37:55 - INFO -     - length_in      : None
2025-09-09 14:37:55 - INFO -     - width_in       : None
2025-09-09 14:37:55 - INFO -     - thickness_in   : None
2025-09-09 14:37:55 - INFO -     - liters         : None
2025-09-09 14:37:57 - INFO - --- Processing NEW ad: https://www.subito.it/sport/sacca-surfboard-bag-roma-613288725.htm ---
2025-09-09 14:37:57 - INFO -   > Scraped Data for Ad:
2025-09-09 14:37:57 - INFO -     - model          : Sacca surfboard bag
2025-09-09 14:37:57 - INFO -     - price          : 33.0
2025-09-09 14:37:57 - INFO -     - location       : Roma (RM)
2025-09-09 14:37:57 - INFO -     - link           : https://www.subito.it/sport/sacca-surfboard-bag-roma-613288725.htm
2025-09-09 14:37:57 - INFO -     - brand          : None
2025-09-09 14:37:57 - INFO -     - length_ft      : None
2025-09-09 14:37:57 - INFO -     - length_in      : None
2025-09-09 14:37:57 - INFO -     - width_in       : None
2025-09-09 14:37:57 - INFO -     - thickness_in   : None
2025-09-09 14:37:57 - INFO -     - liters         : None
2025-09-09 14:37:58 - INFO - --- Processing NEW ad: https://www.subito.it/sport/tavola-surf-surfboard-gonfiabile-coasto-8-roma-564620833.htm ---
2025-09-09 14:37:58 - INFO -   > Scraped Data for Ad:
2025-09-09 14:37:58 - INFO -     - model          : Tavola Surf Surfboard Gonfiabile Coasto 8’
2025-09-09 14:37:58 - INFO -     - price          : 230.0
2025-09-09 14:37:58 - INFO -     - location       : Roma (RM)
2025-09-09 14:37:58 - INFO -     - link           : https://www.subito.it/sport/tavola-surf-surfboard-gonfiabile-coasto-8-roma-564620833.htm
2025-09-09 14:37:58 - INFO -     - brand          : None
2025-09-09 14:37:58 - INFO -     - length_ft      : None
2025-09-09 14:37:58 - INFO -     - length_in      : None
2025-09-09 14:37:58 - INFO -     - width_in       : None
2025-09-09 14:37:58 - INFO -     - thickness_in   : None
2025-09-09 14:37:58 - INFO -     - liters         : None
2025-09-09 14:38:00 - INFO - --- Processing NEW ad: https://www.subito.it/sport/sacca-trasporto-surfboard-impermeabile-northcore-roma-611290215.htm ---
2025-09-09 14:38:00 - INFO -   > Scraped Data for Ad:
2025-09-09 14:38:00 - INFO -     - model          : Sacca trasporto Surfboard impermeabile Northcore
2025-09-09 14:38:00 - INFO -     - price          : 50.0
2025-09-09 14:38:00 - INFO -     - location       : Roma (RM)
2025-09-09 14:38:00 - INFO -     - link           : https://www.subito.it/sport/sacca-trasporto-surfboard-impermeabile-northcore-roma-611290215.htm
2025-09-09 14:38:00 - INFO -     - brand          : None
2025-09-09 14:38:00 - INFO -     - length_ft      : None
2025-09-09 14:38:00 - INFO -     - length_in      : None
2025-09-09 14:38:00 - INFO -     - width_in       : None
2025-09-09 14:38:00 - INFO -     - thickness_in   : None
2025-09-09 14:38:00 - INFO -     - liters         : None
2025-09-09 14:38:02 - INFO - --- Processing NEW ad: https://www.subito.it/sport/tavola-da-surf-m-a-t-5-7-in-fibra-di-vetro-26-5l-roma-611289541.htm ---
2025-09-09 14:38:03 - INFO -   > Scraped Data for Ad:
2025-09-09 14:38:03 - INFO -     - model          : Tavola da Surf M.A.T. 5.7 in fibra di vetro, 26,5L
2025-09-09 14:38:03 - INFO -     - price          : 200.0
2025-09-09 14:38:03 - INFO -     - location       : Roma (RM)
2025-09-09 14:38:03 - INFO -     - link           : https://www.subito.it/sport/tavola-da-surf-m-a-t-5-7-in-fibra-di-vetro-26-5l-roma-611289541.htm
2025-09-09 14:38:03 - INFO -     - brand          : None
2025-09-09 14:38:03 - INFO -     - length_ft      : 5
2025-09-09 14:38:03 - INFO -     - length_in      : 7
2025-09-09 14:38:03 - INFO -     - width_in       : None
2025-09-09 14:38:03 - INFO -     - thickness_in   : None
2025-09-09 14:38:03 - INFO -     - liters         : 26.5
2025-09-09 14:38:05 - INFO - --- Processing NEW ad: https://www.subito.it/sport/surfboard-roma-605229001.htm ---
2025-09-09 14:38:06 - INFO -   > Scraped Data for Ad:
2025-09-09 14:38:06 - INFO -     - model          : surfboard
2025-09-09 14:38:06 - INFO -     - price          : 90.0
2025-09-09 14:38:06 - INFO -     - location       : Roma (RM)
2025-09-09 14:38:06 - INFO -     - link           : https://www.subito.it/sport/surfboard-roma-605229001.htm
2025-09-09 14:38:06 - INFO -     - brand          : None
2025-09-09 14:38:06 - INFO -     - length_ft      : None
2025-09-09 14:38:06 - INFO -     - length_in      : None
2025-09-09 14:38:06 - INFO -     - width_in       : None
2025-09-09 14:38:06 - INFO -     - thickness_in   : None
2025-09-09 14:38:06 - INFO -     - liters         : None
2025-09-09 14:38:08 - INFO - --- Processing NEW ad: https://www.subito.it/sport/surfboard-bic-mini-malibu-7-3-gerard-dabbadie-roma-603457255.htm ---
2025-09-09 14:38:09 - INFO -   > Scraped Data for Ad:
2025-09-09 14:38:09 - INFO -     - model          : Surfboard BIC Mini Malibu 7'3"  - Gerard Dabbadie
2025-09-09 14:38:09 - INFO -     - price          : 190.0
2025-09-09 14:38:09 - INFO -     - location       : Roma (RM)
2025-09-09 14:38:09 - INFO -     - link           : https://www.subito.it/sport/surfboard-bic-mini-malibu-7-3-gerard-dabbadie-roma-603457255.htm
2025-09-09 14:38:09 - INFO -     - brand          : Bic
2025-09-09 14:38:09 - INFO -     - length_ft      : 7
2025-09-09 14:38:09 - INFO -     - length_in      : 3
2025-09-09 14:38:09 - INFO -     - width_in       : None
2025-09-09 14:38:09 - INFO -     - thickness_in   : None
2025-09-09 14:38:09 - INFO -     - liters         : None
2025-09-09 14:38:10 - INFO - --- Processing NEW ad: https://www.subito.it/sport/honu-surfboard-fish-tail-roma-601702001.htm ---
2025-09-09 14:38:10 - INFO -   > Scraped Data for Ad:
2025-09-09 14:38:10 - INFO -     - model          : Honu surfboard fish tail
2025-09-09 14:38:10 - INFO -     - price          : 250.0
2025-09-09 14:38:10 - INFO -     - location       : Roma (RM)
2025-09-09 14:38:10 - INFO -     - link           : https://www.subito.it/sport/honu-surfboard-fish-tail-roma-601702001.htm
2025-09-09 14:38:10 - INFO -     - brand          : None
2025-09-09 14:38:10 - INFO -     - length_ft      : None
2025-09-09 14:38:10 - INFO -     - length_in      : None
2025-09-09 14:38:10 - INFO -     - width_in       : None
2025-09-09 14:38:10 - INFO -     - thickness_in   : None
2025-09-09 14:38:10 - INFO -     - liters         : None
2025-09-09 14:38:11 - INFO - --- Processing NEW ad: https://www.subito.it/sport/surfboard-olaian-soft-roma-599506043.htm ---
2025-09-09 14:38:11 - INFO -   > Scraped Data for Ad:
2025-09-09 14:38:11 - INFO -     - model          : Surfboard Olaian Soft
2025-09-09 14:38:11 - INFO -     - price          : 90.0
2025-09-09 14:38:11 - INFO -     - location       : Roma (RM)
2025-09-09 14:38:11 - INFO -     - link           : https://www.subito.it/sport/surfboard-olaian-soft-roma-599506043.htm
2025-09-09 14:38:11 - INFO -     - brand          : None
2025-09-09 14:38:11 - INFO -     - length_ft      : None
2025-09-09 14:38:11 - INFO -     - length_in      : None
2025-09-09 14:38:11 - INFO -     - width_in       : None
2025-09-09 14:38:11 - INFO -     - thickness_in   : None
2025-09-09 14:38:11 - INFO -     - liters         : None
2025-09-09 14:38:14 - INFO - --- Processing NEW ad: https://www.subito.it/sport/surf-surfboard-6-6-soft-roma-597202498.htm ---
2025-09-09 14:38:14 - INFO -   > Scraped Data for Ad:
2025-09-09 14:38:14 - INFO -     - model          : Surf surfboard 6’6 soft
2025-09-09 14:38:14 - INFO -     - price          : 280.0
2025-09-09 14:38:14 - INFO -     - location       : Roma (RM)
2025-09-09 14:38:14 - INFO -     - link           : https://www.subito.it/sport/surf-surfboard-6-6-soft-roma-597202498.htm
2025-09-09 14:38:14 - INFO -     - brand          : None
2025-09-09 14:38:14 - INFO -     - length_ft      : 6
2025-09-09 14:38:14 - INFO -     - length_in      : 6
2025-09-09 14:38:14 - INFO -     - width_in       : None
2025-09-09 14:38:14 - INFO -     - thickness_in   : None
2025-09-09 14:38:14 - INFO -     - liters         : None
2025-09-09 14:38:17 - INFO - --- Processing NEW ad: https://www.subito.it/sport/tavola-surf-surfboard-fish-roma-595415969.htm ---
2025-09-09 14:38:17 - INFO -   > Scraped Data for Ad:
2025-09-09 14:38:17 - INFO -     - model          : Tavola surf ,Surfboard  fish
2025-09-09 14:38:17 - INFO -     - price          : 400.0
2025-09-09 14:38:17 - INFO -     - location       : Roma (RM)
2025-09-09 14:38:17 - INFO -     - link           : https://www.subito.it/sport/tavola-surf-surfboard-fish-roma-595415969.htm
2025-09-09 14:38:17 - INFO -     - brand          : None
2025-09-09 14:38:17 - INFO -     - length_ft      : None
2025-09-09 14:38:17 - INFO -     - length_in      : None
2025-09-09 14:38:17 - INFO -     - width_in       : None
2025-09-09 14:38:17 - INFO -     - thickness_in   : None
2025-09-09 14:38:17 - INFO -     - liters         : None
2025-09-09 14:38:19 - INFO - --- Processing NEW ad: https://www.subito.it/sport/sacca-surf-7-6-ocean-earth-roma-594746262.htm ---
2025-09-09 14:38:19 - INFO -   > Scraped Data for Ad:
2025-09-09 14:38:19 - INFO -     - model          : Sacca Surf 7.6" Ocean & Earth
2025-09-09 14:38:19 - INFO -     - price          : 50.0
2025-09-09 14:38:19 - INFO -     - location       : Roma (RM)
2025-09-09 14:38:19 - INFO -     - link           : https://www.subito.it/sport/sacca-surf-7-6-ocean-earth-roma-594746262.htm
2025-09-09 14:38:19 - INFO -     - brand          : None
2025-09-09 14:38:19 - INFO -     - length_ft      : 7
2025-09-09 14:38:19 - INFO -     - length_in      : 6
2025-09-09 14:38:19 - INFO -     - width_in       : None
2025-09-09 14:38:19 - INFO -     - thickness_in   : None
2025-09-09 14:38:19 - INFO -     - liters         : None
2025-09-09 14:38:20 - INFO - --- Processing NEW ad: https://www.subito.it/sport/surfboard-30-litri-5-6-roma-588558605.htm ---
2025-09-09 14:38:20 - INFO -   > Scraped Data for Ad:
2025-09-09 14:38:20 - INFO -     - model          : Surfboard 30 litri 5.6
2025-09-09 14:38:20 - INFO -     - price          : 230.0
2025-09-09 14:38:20 - INFO -     - location       : Roma (RM)
2025-09-09 14:38:20 - INFO -     - link           : https://www.subito.it/sport/surfboard-30-litri-5-6-roma-588558605.htm
2025-09-09 14:38:20 - INFO -     - brand          : None
2025-09-09 14:38:20 - INFO -     - length_ft      : 5
2025-09-09 14:38:20 - INFO -     - length_in      : 6
2025-09-09 14:38:20 - INFO -     - width_in       : None
2025-09-09 14:38:20 - INFO -     - thickness_in   : None
2025-09-09 14:38:20 - INFO -     - liters         : 30.0
2025-09-09 14:38:22 - INFO - --- Processing NEW ad: https://www.subito.it/sport/tavola-surf-fish-x-roma-584788413.htm ---
2025-09-09 14:38:22 - INFO -   > Scraped Data for Ad:
2025-09-09 14:38:22 - INFO -     - model          : Tavola surf Fish X
2025-09-09 14:38:22 - INFO -     - price          : 250.0
2025-09-09 14:38:22 - INFO -     - location       : Roma (RM)
2025-09-09 14:38:22 - INFO -     - link           : https://www.subito.it/sport/tavola-surf-fish-x-roma-584788413.htm
2025-09-09 14:38:22 - INFO -     - brand          : None
2025-09-09 14:38:22 - INFO -     - length_ft      : None
2025-09-09 14:38:22 - INFO -     - length_in      : None
2025-09-09 14:38:22 - INFO -     - width_in       : None
2025-09-09 14:38:22 - INFO -     - thickness_in   : None
2025-09-09 14:38:22 - INFO -     - liters         : None
2025-09-09 14:38:25 - INFO - --- Processing NEW ad: https://www.subito.it/bambini-giocattoli/lego-6518-guardia-spiaggia-roma-583535240.htm ---
2025-09-09 14:38:25 - INFO -   > Scraped Data for Ad:
2025-09-09 14:38:25 - INFO -     - model          : Lego 6518 Guardia spiaggia
2025-09-09 14:38:25 - INFO -     - price          : 14.0
2025-09-09 14:38:25 - INFO -     - location       : Roma (RM)
2025-09-09 14:38:25 - INFO -     - link           : https://www.subito.it/bambini-giocattoli/lego-6518-guardia-spiaggia-roma-583535240.htm
2025-09-09 14:38:25 - INFO -     - brand          : None
2025-09-09 14:38:25 - INFO -     - length_ft      : None
2025-09-09 14:38:25 - INFO -     - length_in      : None
2025-09-09 14:38:25 - INFO -     - width_in       : None
2025-09-09 14:38:25 - INFO -     - thickness_in   : None
2025-09-09 14:38:25 - INFO -     - liters         : None
2025-09-09 14:38:27 - INFO - --- Processing NEW ad: https://www.subito.it/sport/tavola-surf-epoxy-7ft-verde-menta-roma-526925605.htm ---
2025-09-09 14:38:27 - INFO -   > Scraped Data for Ad:
2025-09-09 14:38:27 - INFO -     - model          : Tavola surf epoxy 7ft verde menta
2025-09-09 14:38:27 - INFO -     - price          : 350.0
2025-09-09 14:38:27 - INFO -     - location       : Roma (RM)
2025-09-09 14:38:27 - INFO -     - link           : https://www.subito.it/sport/tavola-surf-epoxy-7ft-verde-menta-roma-526925605.htm
2025-09-09 14:38:27 - INFO -     - brand          : None
2025-09-09 14:38:27 - INFO -     - length_ft      : None
2025-09-09 14:38:27 - INFO -     - length_in      : None
2025-09-09 14:38:27 - INFO -     - width_in       : None
2025-09-09 14:38:27 - INFO -     - thickness_in   : None
2025-09-09 14:38:27 - INFO -     - liters         : None
2025-09-09 14:38:28 - INFO - --- Processing NEW ad: https://www.subito.it/hobby-collezionismo/lego-6813-space-police-roma-581867278.htm ---
2025-09-09 14:38:29 - INFO -   > Scraped Data for Ad:
2025-09-09 14:38:29 - INFO -     - model          : Lego 6813 Space Police
2025-09-09 14:38:29 - INFO -     - price          : 18.0
2025-09-09 14:38:29 - INFO -     - location       : Roma (RM)
2025-09-09 14:38:29 - INFO -     - link           : https://www.subito.it/hobby-collezionismo/lego-6813-space-police-roma-581867278.htm
2025-09-09 14:38:29 - INFO -     - brand          : None
2025-09-09 14:38:29 - INFO -     - length_ft      : None
2025-09-09 14:38:29 - INFO -     - length_in      : None
2025-09-09 14:38:29 - INFO -     - width_in       : None
2025-09-09 14:38:29 - INFO -     - thickness_in   : None
2025-09-09 14:38:29 - INFO -     - liters         : None
2025-09-09 14:38:30 - INFO - --- Processing NEW ad: https://www.subito.it/hobby-collezionismo/lego-6538-rebel-roadster-roma-581867815.htm ---
2025-09-09 14:38:31 - INFO -   > Scraped Data for Ad:
2025-09-09 14:38:31 - INFO -     - model          : Lego 6538 Rebel Roadster
2025-09-09 14:38:31 - INFO -     - price          : 14.0
2025-09-09 14:38:31 - INFO -     - location       : Roma (RM)
2025-09-09 14:38:31 - INFO -     - link           : https://www.subito.it/hobby-collezionismo/lego-6538-rebel-roadster-roma-581867815.htm
2025-09-09 14:38:31 - INFO -     - brand          : None
2025-09-09 14:38:31 - INFO -     - length_ft      : None
2025-09-09 14:38:31 - INFO -     - length_in      : None
2025-09-09 14:38:31 - INFO -     - width_in       : None
2025-09-09 14:38:31 - INFO -     - thickness_in   : None
2025-09-09 14:38:31 - INFO -     - liters         : None
2025-09-09 14:38:33 - INFO - --- Processing NEW ad: https://www.subito.it/hobby-collezionismo/lego-4002-racer-boat-roma-581868068.htm ---
2025-09-09 14:38:33 - INFO -   > Scraped Data for Ad:
2025-09-09 14:38:33 - INFO -     - model          : Lego 4002 Racer boat
2025-09-09 14:38:33 - INFO -     - price          : 19.0
2025-09-09 14:38:33 - INFO -     - location       : Roma (RM)
2025-09-09 14:38:33 - INFO -     - link           : https://www.subito.it/hobby-collezionismo/lego-4002-racer-boat-roma-581868068.htm
2025-09-09 14:38:33 - INFO -     - brand          : None
2025-09-09 14:38:33 - INFO -     - length_ft      : None
2025-09-09 14:38:33 - INFO -     - length_in      : None
2025-09-09 14:38:33 - INFO -     - width_in       : None
2025-09-09 14:38:33 - INFO -     - thickness_in   : None
2025-09-09 14:38:33 - INFO -     - liters         : None
2025-09-09 14:38:34 - INFO - --- Processing NEW ad: https://www.subito.it/hobby-collezionismo/lego-6712-wild-west-no-title-dinamite-roma-581868300.htm ---
2025-09-09 14:38:35 - INFO -   > Scraped Data for Ad:
2025-09-09 14:38:35 - INFO -     - model          : Lego 6712 Wild West (no title dinamite)
2025-09-09 14:38:35 - INFO -     - price          : 21.0
2025-09-09 14:38:35 - INFO -     - location       : Roma (RM)
2025-09-09 14:38:35 - INFO -     - link           : https://www.subito.it/hobby-collezionismo/lego-6712-wild-west-no-title-dinamite-roma-581868300.htm
2025-09-09 14:38:35 - INFO -     - brand          : None
2025-09-09 14:38:35 - INFO -     - length_ft      : None
2025-09-09 14:38:35 - INFO -     - length_in      : None
2025-09-09 14:38:35 - INFO -     - width_in       : None
2025-09-09 14:38:35 - INFO -     - thickness_in   : None
2025-09-09 14:38:35 - INFO -     - liters         : None
2025-09-09 14:38:37 - INFO - --- Processing NEW ad: https://www.subito.it/hobby-collezionismo/lego-6237-pirati-roma-581868590.htm ---
2025-09-09 14:38:37 - INFO -   > Scraped Data for Ad:
2025-09-09 14:38:37 - INFO -     - model          : Lego 6237 Pirati
2025-09-09 14:38:37 - INFO -     - price          : 14.0
2025-09-09 14:38:37 - INFO -     - location       : Roma (RM)
2025-09-09 14:38:37 - INFO -     - link           : https://www.subito.it/hobby-collezionismo/lego-6237-pirati-roma-581868590.htm
2025-09-09 14:38:37 - INFO -     - brand          : None
2025-09-09 14:38:37 - INFO -     - length_ft      : None
2025-09-09 14:38:37 - INFO -     - length_in      : None
2025-09-09 14:38:37 - INFO -     - width_in       : None
2025-09-09 14:38:37 - INFO -     - thickness_in   : None
2025-09-09 14:38:37 - INFO -     - liters         : None
2025-09-09 14:38:39 - INFO - --- Processing NEW ad: https://www.subito.it/hobby-collezionismo/lego-6351-surf-n-sail-camper-no-surfboard-roma-581868754.htm ---
2025-09-09 14:38:39 - INFO -   > Scraped Data for Ad:
2025-09-09 14:38:39 - INFO -     - model          : Lego 6351 Surf N' Sail Camper (no surfboard)
2025-09-09 14:38:39 - INFO -     - price          : 31.0
2025-09-09 14:38:39 - INFO -     - location       : Roma (RM)
2025-09-09 14:38:39 - INFO -     - link           : https://www.subito.it/hobby-collezionismo/lego-6351-surf-n-sail-camper-no-surfboard-roma-581868754.htm
2025-09-09 14:38:39 - INFO -     - brand          : None
2025-09-09 14:38:39 - INFO -     - length_ft      : None
2025-09-09 14:38:39 - INFO -     - length_in      : None
2025-09-09 14:38:39 - INFO -     - width_in       : None
2025-09-09 14:38:39 - INFO -     - thickness_in   : None
2025-09-09 14:38:39 - INFO -     - liters         : None
2025-09-09 14:38:40 - INFO - --- Processing NEW ad: https://www.subito.it/sport/surfboard-by-x-ad-6-6-roma-579176335.htm ---
2025-09-09 14:38:41 - INFO -   > Scraped Data for Ad:
2025-09-09 14:38:41 - INFO -     - model          : Surfboard by X AD 6,6
2025-09-09 14:38:41 - INFO -     - price          : 150.0
2025-09-09 14:38:41 - INFO -     - location       : Roma (RM)
2025-09-09 14:38:41 - INFO -     - link           : https://www.subito.it/sport/surfboard-by-x-ad-6-6-roma-579176335.htm
2025-09-09 14:38:41 - INFO -     - brand          : None
2025-09-09 14:38:41 - INFO -     - length_ft      : None
2025-09-09 14:38:41 - INFO -     - length_in      : None
2025-09-09 14:38:41 - INFO -     - width_in       : None
2025-09-09 14:38:41 - INFO -     - thickness_in   : None
2025-09-09 14:38:41 - INFO -     - liters         : None
2025-09-09 14:38:43 - INFO - --- Processing NEW ad: https://www.subito.it/sport/surfboard-roma-575939909.htm ---
2025-09-09 14:38:44 - INFO -   > Scraped Data for Ad:
2025-09-09 14:38:44 - INFO -     - model          : Surfboard
2025-09-09 14:38:44 - INFO -     - price          : 350.0
2025-09-09 14:38:44 - INFO -     - location       : Roma (RM)
2025-09-09 14:38:44 - INFO -     - link           : https://www.subito.it/sport/surfboard-roma-575939909.htm
2025-09-09 14:38:44 - INFO -     - brand          : None
2025-09-09 14:38:44 - INFO -     - length_ft      : None
2025-09-09 14:38:44 - INFO -     - length_in      : None
2025-09-09 14:38:44 - INFO -     - width_in       : None
2025-09-09 14:38:44 - INFO -     - thickness_in   : None
2025-09-09 14:38:44 - INFO -     - liters         : None
2025-09-09 14:38:46 - INFO - --- Processing NEW ad: https://www.subito.it/sport/firewire-sweet-potato-6-0-roma-569299224.htm ---
2025-09-09 14:38:46 - INFO -   > Scraped Data for Ad:
2025-09-09 14:38:46 - INFO -     - model          : Firewire Sweet Potato 6’0
2025-09-09 14:38:46 - INFO -     - price          : 450.0
2025-09-09 14:38:46 - INFO -     - location       : Roma (RM)
2025-09-09 14:38:46 - INFO -     - link           : https://www.subito.it/sport/firewire-sweet-potato-6-0-roma-569299224.htm
2025-09-09 14:38:46 - INFO -     - brand          : Firewire
2025-09-09 14:38:46 - INFO -     - length_ft      : 6
2025-09-09 14:38:46 - INFO -     - length_in      : 0
2025-09-09 14:38:46 - INFO -     - width_in       : None
2025-09-09 14:38:46 - INFO -     - thickness_in   : None
2025-09-09 14:38:46 - INFO -     - liters         : None
2025-09-09 14:38:48 - INFO - Committing new ads to the database...
2025-09-09 14:38:48 - INFO - Scraping session finished. Added 58 new ads.
2025-09-09 14:47:30 - INFO - Scraping search results from: https://www.subito.it/annunci-lazio/vendita/usato/roma/roma/?q=tavola+da+surf
2025-09-09 14:47:31 - INFO - Found 31 potential ad containers on the page.
2025-09-09 14:47:31 - INFO - --- Processing NEW ad: https://www.subito.it/sport/tavola-surf-morbida-softboard-loot-hayden-shapes-roma-563712602.htm ---
2025-09-09 14:47:31 - INFO -   > Scraped Data for Ad:
2025-09-09 14:47:31 - INFO -     - model          : Tavola surf morbida Softboard Loot Hayden Shapes
2025-09-09 14:47:31 - INFO -     - price          : 170.0
2025-09-09 14:47:31 - INFO -     - location       : Roma (RM)
2025-09-09 14:47:31 - INFO -     - link           : https://www.subito.it/sport/tavola-surf-morbida-softboard-loot-hayden-shapes-roma-563712602.htm
2025-09-09 14:47:31 - INFO -     - brand          : Hayden Shapes
2025-09-09 14:47:31 - INFO -     - length_ft      : 5
2025-09-09 14:47:31 - INFO -     - length_in      : 6
2025-09-09 14:47:31 - INFO -     - width_in       : None
2025-09-09 14:47:31 - INFO -     - thickness_in   : None
2025-09-09 14:47:31 - INFO -     - liters         : 36.0
2025-09-09 14:47:33 - INFO - --- Processing NEW ad: https://www.subito.it/sport/tavola-da-surf-roma-615545652.htm ---
2025-09-09 14:47:34 - INFO -   > Scraped Data for Ad:
2025-09-09 14:47:34 - INFO -     - model          : Tavola da surf
2025-09-09 14:47:34 - INFO -     - price          : 250.0
2025-09-09 14:47:34 - INFO -     - location       : Roma (RM)
2025-09-09 14:47:34 - INFO -     - link           : https://www.subito.it/sport/tavola-da-surf-roma-615545652.htm
2025-09-09 14:47:34 - INFO -     - brand          : None
2025-09-09 14:47:34 - INFO -     - length_ft      : 6
2025-09-09 14:47:34 - INFO -     - length_in      : 6
2025-09-09 14:47:34 - INFO -     - width_in       : None
2025-09-09 14:47:34 - INFO -     - thickness_in   : None
2025-09-09 14:47:34 - INFO -     - liters         : None
2025-09-09 14:47:36 - INFO - --- Processing NEW ad: https://www.subito.it/sport/windsurf-tavola-fanatic-ray-mega-100-litri-roma-508967897.htm ---
2025-09-09 14:47:37 - INFO -   > Scraped Data for Ad:
2025-09-09 14:47:37 - INFO -     - model          : Windsurf tavola Fanatic Ray Mega 100 litri
2025-09-09 14:47:37 - INFO -     - price          : 145.0
2025-09-09 14:47:37 - INFO -     - location       : Roma (RM)
2025-09-09 14:47:37 - INFO -     - link           : https://www.subito.it/sport/windsurf-tavola-fanatic-ray-mega-100-litri-roma-508967897.htm
2025-09-09 14:47:37 - INFO -     - brand          : None
2025-09-09 14:47:37 - INFO -     - length_ft      : None
2025-09-09 14:47:37 - INFO -     - length_in      : None
2025-09-09 14:47:37 - INFO -     - width_in       : None
2025-09-09 14:47:37 - INFO -     - thickness_in   : None
2025-09-09 14:47:37 - INFO -     - liters         : 100.0
2025-09-09 14:47:38 - INFO - --- Processing NEW ad: https://www.subito.it/sport/tavola-da-surf-roma-615491921.htm ---
2025-09-09 14:47:38 - INFO -   > Scraped Data for Ad:
2025-09-09 14:47:38 - INFO -     - model          : Tavola da surf
2025-09-09 14:47:38 - INFO -     - price          : 400.0
2025-09-09 14:47:38 - INFO -     - location       : Roma (RM)
2025-09-09 14:47:38 - INFO -     - link           : https://www.subito.it/sport/tavola-da-surf-roma-615491921.htm
2025-09-09 14:47:38 - INFO -     - brand          : None
2025-09-09 14:47:38 - INFO -     - length_ft      : 6
2025-09-09 14:47:38 - INFO -     - length_in      : 0
2025-09-09 14:47:38 - INFO -     - width_in       : None
2025-09-09 14:47:38 - INFO -     - thickness_in   : None
2025-09-09 14:47:38 - INFO -     - liters         : 32.7
2025-09-09 14:47:41 - INFO - --- Processing NEW ad: https://www.subito.it/sport/tavola-da-surf-firewire-seaside-misure-5-6-roma-594495900.htm ---
2025-09-09 14:47:41 - INFO -   > Scraped Data for Ad:
2025-09-09 14:47:41 - INFO -     - model          : Tavola da surf Firewire Seaside misure 5.6
2025-09-09 14:47:41 - INFO -     - price          : 400.0
2025-09-09 14:47:41 - INFO -     - location       : Roma (RM)
2025-09-09 14:47:41 - INFO -     - link           : https://www.subito.it/sport/tavola-da-surf-firewire-seaside-misure-5-6-roma-594495900.htm
2025-09-09 14:47:41 - INFO -     - brand          : Firewire
2025-09-09 14:47:41 - INFO -     - length_ft      : 5
2025-09-09 14:47:41 - INFO -     - length_in      : 6
2025-09-09 14:47:41 - INFO -     - width_in       : 21.25
2025-09-09 14:47:41 - INFO -     - thickness_in   : 2.5
2025-09-09 14:47:41 - INFO -     - liters         : 32.7
2025-09-09 14:47:43 - INFO - --- Processing NEW ad: https://www.subito.it/sport/tavola-surf-morbida-softboard-loot-hayden-shapes-roma-563712602.htm ---
2025-09-09 14:47:43 - INFO -   > Scraped Data for Ad:
2025-09-09 14:47:43 - INFO -     - model          : Tavola surf morbida Softboard Loot Hayden Shapes
2025-09-09 14:47:43 - INFO -     - price          : 170.0
2025-09-09 14:47:43 - INFO -     - location       : Roma (RM)
2025-09-09 14:47:43 - INFO -     - link           : https://www.subito.it/sport/tavola-surf-morbida-softboard-loot-hayden-shapes-roma-563712602.htm
2025-09-09 14:47:43 - INFO -     - brand          : Hayden Shapes
2025-09-09 14:47:43 - INFO -     - length_ft      : 5
2025-09-09 14:47:43 - INFO -     - length_in      : 6
2025-09-09 14:47:43 - INFO -     - width_in       : None
2025-09-09 14:47:43 - INFO -     - thickness_in   : None
2025-09-09 14:47:43 - INFO -     - liters         : 36.0
2025-09-09 14:47:45 - INFO - --- Processing NEW ad: https://www.subito.it/sport/tavola-surf-pukas-hyperlink-5-11-32-litri-roma-roma-615150018.htm ---
2025-09-09 14:47:45 - INFO -   > Scraped Data for Ad:
2025-09-09 14:47:45 - INFO -     - model          : Tavola Surf Pukas Hyperlink 5.11 - 32 Litri Roma
2025-09-09 14:47:45 - INFO -     - price          : 350.0
2025-09-09 14:47:45 - INFO -     - location       : Roma (RM)
2025-09-09 14:47:45 - INFO -     - link           : https://www.subito.it/sport/tavola-surf-pukas-hyperlink-5-11-32-litri-roma-roma-615150018.htm
2025-09-09 14:47:45 - INFO -     - brand          : Mayhem
2025-09-09 14:47:45 - INFO -     - length_ft      : 5
2025-09-09 14:47:45 - INFO -     - length_in      : 11
2025-09-09 14:47:45 - INFO -     - width_in       : None
2025-09-09 14:47:45 - INFO -     - thickness_in   : None
2025-09-09 14:47:45 - INFO -     - liters         : 32.0
2025-09-09 14:47:47 - INFO - --- Processing NEW ad: https://www.subito.it/sport/tavola-da-surf-soft-morbida-roma-615306556.htm ---
2025-09-09 14:47:47 - INFO -   > Scraped Data for Ad:
2025-09-09 14:47:47 - INFO -     - model          : Tavola da surf soft, morbida
2025-09-09 14:47:47 - INFO -     - price          : 180.0
2025-09-09 14:47:47 - INFO -     - location       : Roma (RM)
2025-09-09 14:47:47 - INFO -     - link           : https://www.subito.it/sport/tavola-da-surf-soft-morbida-roma-615306556.htm
2025-09-09 14:47:47 - INFO -     - brand          : None
2025-09-09 14:47:47 - INFO -     - length_ft      : 5
2025-09-09 14:47:47 - INFO -     - length_in      : 8
2025-09-09 14:47:47 - INFO -     - width_in       : 20.5
2025-09-09 14:47:47 - INFO -     - thickness_in   : 20.0
2025-09-09 14:47:47 - INFO -     - liters         : 45.0
2025-09-09 14:47:48 - INFO - --- Processing NEW ad: https://www.subito.it/sport/tavola-da-surf-nuova-roma-568510366.htm ---
2025-09-09 14:47:48 - INFO -   > Scraped Data for Ad:
2025-09-09 14:47:48 - INFO -     - model          : Tavola da surf Nuova
2025-09-09 14:47:48 - INFO -     - price          : 200.0
2025-09-09 14:47:48 - INFO -     - location       : Roma (RM)
2025-09-09 14:47:48 - INFO -     - link           : https://www.subito.it/sport/tavola-da-surf-nuova-roma-568510366.htm
2025-09-09 14:47:48 - INFO -     - brand          : None
2025-09-09 14:47:48 - INFO -     - length_ft      : 5
2025-09-09 14:47:48 - INFO -     - length_in      : 8
2025-09-09 14:47:48 - INFO -     - width_in       : 20.5
2025-09-09 14:47:48 - INFO -     - thickness_in   : 20.0
2025-09-09 14:47:48 - INFO -     - liters         : 45.0
2025-09-09 14:47:51 - INFO - --- Processing NEW ad: https://www.subito.it/sport/surf-longboard-roma-615193023.htm ---
2025-09-09 14:47:51 - INFO -   > Scraped Data for Ad:
2025-09-09 14:47:51 - INFO -     - model          : surf longboard
2025-09-09 14:47:51 - INFO -     - price          : 400.0
2025-09-09 14:47:51 - INFO -     - location       : Roma (RM)
2025-09-09 14:47:51 - INFO -     - link           : https://www.subito.it/sport/surf-longboard-roma-615193023.htm
2025-09-09 14:47:51 - INFO -     - brand          : None
2025-09-09 14:47:51 - INFO -     - length_ft      : None
2025-09-09 14:47:51 - INFO -     - length_in      : None
2025-09-09 14:47:51 - INFO -     - width_in       : None
2025-09-09 14:47:51 - INFO -     - thickness_in   : None
2025-09-09 14:47:51 - INFO -     - liters         : None
2025-09-09 14:47:53 - INFO - --- Processing NEW ad: https://www.subito.it/sport/tavola-surf-da-onda-longboard-roma-615161364.htm ---
2025-09-09 14:47:53 - INFO -   > Scraped Data for Ad:
2025-09-09 14:47:53 - INFO -     - model          : Tavola Surf  da onda Longboard
2025-09-09 14:47:53 - INFO -     - price          : 450.0
2025-09-09 14:47:53 - INFO -     - location       : Roma (RM)
2025-09-09 14:47:53 - INFO -     - link           : https://www.subito.it/sport/tavola-surf-da-onda-longboard-roma-615161364.htm
2025-09-09 14:47:53 - INFO -     - brand          : Torq
2025-09-09 14:47:53 - INFO -     - length_ft      : 8
2025-09-09 14:47:53 - INFO -     - length_in      : 6
2025-09-09 14:47:53 - INFO -     - width_in       : None
2025-09-09 14:47:53 - INFO -     - thickness_in   : None
2025-09-09 14:47:53 - INFO -     - liters         : None
2025-09-09 14:47:55 - INFO - --- Processing NEW ad: https://www.subito.it/sport/tavola-surf-longboard-crime-glider-roma-614704274.htm ---
2025-09-09 14:47:55 - INFO -   > Scraped Data for Ad:
2025-09-09 14:47:55 - INFO -     - model          : Tavola surf longboard Crime GLIDER
2025-09-09 14:47:55 - INFO -     - price          : 760.0
2025-09-09 14:47:55 - INFO -     - location       : Roma (RM)
2025-09-09 14:47:55 - INFO -     - link           : https://www.subito.it/sport/tavola-surf-longboard-crime-glider-roma-614704274.htm
2025-09-09 14:47:55 - INFO -     - brand          : None
2025-09-09 14:47:55 - INFO -     - length_ft      : 10
2025-09-09 14:47:55 - INFO -     - length_in      : 1
2025-09-09 14:47:55 - INFO -     - width_in       : 23.5
2025-09-09 14:47:55 - INFO -     - thickness_in   : None
2025-09-09 14:47:55 - INFO -     - liters         : None
2025-09-09 14:47:56 - INFO - --- Processing NEW ad: https://www.subito.it/sport/tavola-da-surf-mccoy-surfboards-roma-614658070.htm ---
2025-09-09 14:47:56 - INFO -   > Scraped Data for Ad:
2025-09-09 14:47:56 - INFO -     - model          : Tavola da Surf  "McCoy Surfboards"
2025-09-09 14:47:56 - INFO -     - price          : 400.0
2025-09-09 14:47:56 - INFO -     - location       : Roma (RM)
2025-09-09 14:47:56 - INFO -     - link           : https://www.subito.it/sport/tavola-da-surf-mccoy-surfboards-roma-614658070.htm
2025-09-09 14:47:56 - INFO -     - brand          : None
2025-09-09 14:47:56 - INFO -     - length_ft      : 7
2025-09-09 14:47:56 - INFO -     - length_in      : 0
2025-09-09 14:47:56 - INFO -     - width_in       : None
2025-09-09 14:47:56 - INFO -     - thickness_in   : None
2025-09-09 14:47:56 - INFO -     - liters         : None
2025-09-09 14:47:58 - INFO - --- Processing NEW ad: https://www.subito.it/sport/tavola-surf-rocket-wide-channel-island-swallow-roma-614602357.htm ---
2025-09-09 14:47:58 - INFO -   > Scraped Data for Ad:
2025-09-09 14:47:58 - INFO -     - model          : Tavola surf Rocket Wide Channel Island swallow
2025-09-09 14:47:58 - INFO -     - price          : 399.0
2025-09-09 14:47:58 - INFO -     - location       : Roma (RM)
2025-09-09 14:47:58 - INFO -     - link           : https://www.subito.it/sport/tavola-surf-rocket-wide-channel-island-swallow-roma-614602357.htm
2025-09-09 14:47:58 - INFO -     - brand          : None
2025-09-09 14:47:58 - INFO -     - length_ft      : 5
2025-09-09 14:47:58 - INFO -     - length_in      : 6
2025-09-09 14:47:58 - INFO -     - width_in       : None
2025-09-09 14:47:58 - INFO -     - thickness_in   : None
2025-09-09 14:47:58 - INFO -     - liters         : 29.3
2025-09-09 14:48:01 - INFO - --- Processing NEW ad: https://www.subito.it/sport/tavola-sup-wave-roma-567339123.htm ---
2025-09-09 14:48:02 - INFO -   > Scraped Data for Ad:
2025-09-09 14:48:02 - INFO -     - model          : Tavola SUP Wave
2025-09-09 14:48:02 - INFO -     - price          : 350.0
2025-09-09 14:48:02 - INFO -     - location       : Roma (RM)
2025-09-09 14:48:02 - INFO -     - link           : https://www.subito.it/sport/tavola-sup-wave-roma-567339123.htm
2025-09-09 14:48:02 - INFO -     - brand          : Bic
2025-09-09 14:48:02 - INFO -     - length_ft      : 7
2025-09-09 14:48:02 - INFO -     - length_in      : 4
2025-09-09 14:48:02 - INFO -     - width_in       : None
2025-09-09 14:48:02 - INFO -     - thickness_in   : None
2025-09-09 14:48:02 - INFO -     - liters         : None
2025-09-09 14:48:04 - INFO - --- Processing NEW ad: https://www.subito.it/bambini-giocattoli/tavole-da-surf-roma-614109433.htm ---
2025-09-09 14:48:05 - INFO -   > Scraped Data for Ad:
2025-09-09 14:48:05 - INFO -     - model          : Tavole da surf
2025-09-09 14:48:05 - INFO -     - price          : 15.0
2025-09-09 14:48:05 - INFO -     - location       : Roma (RM)
2025-09-09 14:48:05 - INFO -     - link           : https://www.subito.it/bambini-giocattoli/tavole-da-surf-roma-614109433.htm
2025-09-09 14:48:05 - INFO -     - brand          : None
2025-09-09 14:48:05 - INFO -     - length_ft      : None
2025-09-09 14:48:05 - INFO -     - length_in      : None
2025-09-09 14:48:05 - INFO -     - width_in       : None
2025-09-09 14:48:05 - INFO -     - thickness_in   : None
2025-09-09 14:48:05 - INFO -     - liters         : None
2025-09-09 14:48:07 - INFO - --- Processing NEW ad: https://www.subito.it/sport/tavola-da-surf-soft-8-roma-614157845.htm ---
2025-09-09 14:48:07 - INFO -   > Scraped Data for Ad:
2025-09-09 14:48:07 - INFO -     - model          : Tavola da surf soft 8'
2025-09-09 14:48:07 - INFO -     - price          : 300.0
2025-09-09 14:48:07 - INFO -     - location       : Roma (RM)
2025-09-09 14:48:07 - INFO -     - link           : https://www.subito.it/sport/tavola-da-surf-soft-8-roma-614157845.htm
2025-09-09 14:48:07 - INFO -     - brand          : None
2025-09-09 14:48:07 - INFO -     - length_ft      : None
2025-09-09 14:48:07 - INFO -     - length_in      : None
2025-09-09 14:48:07 - INFO -     - width_in       : None
2025-09-09 14:48:07 - INFO -     - thickness_in   : None
2025-09-09 14:48:07 - INFO -     - liters         : None
2025-09-09 14:48:08 - INFO - --- Processing NEW ad: https://www.subito.it/sport/tavola-surf-bruce-hansel-the-whale-6-4-43lt-roma-613376379.htm ---
2025-09-09 14:48:09 - INFO -   > Scraped Data for Ad:
2025-09-09 14:48:09 - INFO -     - model          : Tavola Surf Bruce Hansel "The Whale" 6'4 43lt
2025-09-09 14:48:09 - INFO -     - price          : 400.0
2025-09-09 14:48:09 - INFO -     - location       : Roma (RM)
2025-09-09 14:48:09 - INFO -     - link           : https://www.subito.it/sport/tavola-surf-bruce-hansel-the-whale-6-4-43lt-roma-613376379.htm
2025-09-09 14:48:09 - INFO -     - brand          : None
2025-09-09 14:48:09 - INFO -     - length_ft      : 6
2025-09-09 14:48:09 - INFO -     - length_in      : 4
2025-09-09 14:48:09 - INFO -     - width_in       : 20.25
2025-09-09 14:48:09 - INFO -     - thickness_in   : 2.875
2025-09-09 14:48:09 - INFO -     - liters         : 43.0
2025-09-09 14:48:11 - INFO - --- Processing NEW ad: https://www.subito.it/sport/tavola-surf-6-0-33-5l-2024-roma-613966894.htm ---
2025-09-09 14:48:11 - INFO -   > Scraped Data for Ad:
2025-09-09 14:48:11 - INFO -     - model          : Tavola Surf 6.0 - 33.5l (2024)
2025-09-09 14:48:11 - INFO -     - price          : 280.0
2025-09-09 14:48:11 - INFO -     - location       : Roma (RM)
2025-09-09 14:48:11 - INFO -     - link           : https://www.subito.it/sport/tavola-surf-6-0-33-5l-2024-roma-613966894.htm
2025-09-09 14:48:11 - INFO -     - brand          : None
2025-09-09 14:48:11 - INFO -     - length_ft      : 6
2025-09-09 14:48:11 - INFO -     - length_in      : 0
2025-09-09 14:48:11 - INFO -     - width_in       : None
2025-09-09 14:48:11 - INFO -     - thickness_in   : None
2025-09-09 14:48:11 - INFO -     - liters         : 33.5
2025-09-09 14:48:14 - INFO - --- Processing NEW ad: https://www.subito.it/sport/tavola-da-surf-perfetta-reds-made-roma-613664546.htm ---
2025-09-09 14:48:14 - INFO -   > Scraped Data for Ad:
2025-09-09 14:48:14 - INFO -     - model          : Tavola  da surf perfetta “Reds made”
2025-09-09 14:48:14 - INFO -     - price          : 250.0
2025-09-09 14:48:14 - INFO -     - location       : Roma (RM)
2025-09-09 14:48:14 - INFO -     - link           : https://www.subito.it/sport/tavola-da-surf-perfetta-reds-made-roma-613664546.htm
2025-09-09 14:48:14 - INFO -     - brand          : None
2025-09-09 14:48:14 - INFO -     - length_ft      : 5
2025-09-09 14:48:14 - INFO -     - length_in      : 5
2025-09-09 14:48:14 - INFO -     - width_in       : None
2025-09-09 14:48:14 - INFO -     - thickness_in   : None
2025-09-09 14:48:14 - INFO -     - liters         : 18.0
2025-09-09 14:48:16 - INFO - --- Processing NEW ad: https://www.subito.it/sport/tavola-surf-cbc-sushi-fish-6-2-x-22-x-3-roma-613590274.htm ---
2025-09-09 14:48:16 - INFO -   > Scraped Data for Ad:
2025-09-09 14:48:16 - INFO -     - model          : Tavola Surf CBC Sushi Fish 6'2'' x 22" x 3"
2025-09-09 14:48:16 - INFO -     - price          : 250.0
2025-09-09 14:48:16 - INFO -     - location       : Roma (RM)
2025-09-09 14:48:16 - INFO -     - link           : https://www.subito.it/sport/tavola-surf-cbc-sushi-fish-6-2-x-22-x-3-roma-613590274.htm
2025-09-09 14:48:16 - INFO -     - brand          : None
2025-09-09 14:48:16 - INFO -     - length_ft      : 6
2025-09-09 14:48:16 - INFO -     - length_in      : 2
2025-09-09 14:48:16 - INFO -     - width_in       : 22.0
2025-09-09 14:48:16 - INFO -     - thickness_in   : 3.0
2025-09-09 14:48:16 - INFO -     - liters         : None
2025-09-09 14:48:18 - INFO - --- Processing NEW ad: https://www.subito.it/sport/tavola-da-surf-sharpeye-roma-613516842.htm ---
2025-09-09 14:48:18 - INFO -   > Scraped Data for Ad:
2025-09-09 14:48:18 - INFO -     - model          : Tavola da surf sharpeye
2025-09-09 14:48:18 - INFO -     - price          : 330.0
2025-09-09 14:48:18 - INFO -     - location       : Roma (RM)
2025-09-09 14:48:18 - INFO -     - link           : https://www.subito.it/sport/tavola-da-surf-sharpeye-roma-613516842.htm
2025-09-09 14:48:18 - INFO -     - brand          : None
2025-09-09 14:48:18 - INFO -     - length_ft      : 5
2025-09-09 14:48:18 - INFO -     - length_in      : 10
2025-09-09 14:48:18 - INFO -     - width_in       : None
2025-09-09 14:48:18 - INFO -     - thickness_in   : None
2025-09-09 14:48:18 - INFO -     - liters         : 28.2
2025-09-09 14:48:19 - INFO - --- Processing NEW ad: https://www.subito.it/sport/tavola-da-surf-circa-9-roma-613442648.htm ---
2025-09-09 14:48:20 - INFO -   > Scraped Data for Ad:
2025-09-09 14:48:20 - INFO -     - model          : Tavola da surf circa ‘9
2025-09-09 14:48:20 - INFO -     - price          : 150.0
2025-09-09 14:48:20 - INFO -     - location       : Roma (RM)
2025-09-09 14:48:20 - INFO -     - link           : https://www.subito.it/sport/tavola-da-surf-circa-9-roma-613442648.htm
2025-09-09 14:48:20 - INFO -     - brand          : None
2025-09-09 14:48:20 - INFO -     - length_ft      : None
2025-09-09 14:48:20 - INFO -     - length_in      : None
2025-09-09 14:48:20 - INFO -     - width_in       : None
2025-09-09 14:48:20 - INFO -     - thickness_in   : None
2025-09-09 14:48:20 - INFO -     - liters         : None
2025-09-09 14:48:21 - INFO - --- Processing NEW ad: https://www.subito.it/sport/sup-windsurf-adh-sealion-xl-150l-roma-613404871.htm ---
2025-09-09 14:48:22 - INFO -   > Scraped Data for Ad:
2025-09-09 14:48:22 - INFO -     - model          : SUP/Windsurf ADH Sealion XL 150L
2025-09-09 14:48:22 - INFO -     - price          : 350.0
2025-09-09 14:48:22 - INFO -     - location       : Roma (RM)
2025-09-09 14:48:22 - INFO -     - link           : https://www.subito.it/sport/sup-windsurf-adh-sealion-xl-150l-roma-613404871.htm
2025-09-09 14:48:22 - INFO -     - brand          : None
2025-09-09 14:48:22 - INFO -     - length_ft      : None
2025-09-09 14:48:22 - INFO -     - length_in      : None
2025-09-09 14:48:22 - INFO -     - width_in       : None
2025-09-09 14:48:22 - INFO -     - thickness_in   : None
2025-09-09 14:48:22 - INFO -     - liters         : 150.0
2025-09-09 14:48:24 - INFO - --- Processing NEW ad: https://www.subito.it/sport/tavola-da-surf-roma-613276535.htm ---
2025-09-09 14:48:24 - INFO -   > Scraped Data for Ad:
2025-09-09 14:48:24 - INFO -     - model          : Tavola da surf
2025-09-09 14:48:24 - INFO -     - price          : 350.0
2025-09-09 14:48:24 - INFO -     - location       : Roma (RM)
2025-09-09 14:48:24 - INFO -     - link           : https://www.subito.it/sport/tavola-da-surf-roma-613276535.htm
2025-09-09 14:48:24 - INFO -     - brand          : Bic
2025-09-09 14:48:24 - INFO -     - length_ft      : 7
2025-09-09 14:48:24 - INFO -     - length_in      : 3
2025-09-09 14:48:24 - INFO -     - width_in       : None
2025-09-09 14:48:24 - INFO -     - thickness_in   : None
2025-09-09 14:48:24 - INFO -     - liters         : None
2025-09-09 14:48:27 - INFO - --- Processing NEW ad: https://www.subito.it/sport/surf-da-onda-roma-507124389.htm ---
2025-09-09 14:48:27 - INFO -   > Scraped Data for Ad:
2025-09-09 14:48:27 - INFO -     - model          : Surf da onda
2025-09-09 14:48:27 - INFO -     - price          : 450.0
2025-09-09 14:48:27 - INFO -     - location       : Roma (RM)
2025-09-09 14:48:27 - INFO -     - link           : https://www.subito.it/sport/surf-da-onda-roma-507124389.htm
2025-09-09 14:48:27 - INFO -     - brand          : None
2025-09-09 14:48:27 - INFO -     - length_ft      : 11
2025-09-09 14:48:27 - INFO -     - length_in      : 0
2025-09-09 14:48:27 - INFO -     - width_in       : 19.5
2025-09-09 14:48:27 - INFO -     - thickness_in   : 2.625
2025-09-09 14:48:27 - INFO -     - liters         : 34.0
2025-09-09 14:48:29 - INFO - --- Processing NEW ad: https://www.subito.it/sport/tavola-da-surf-roma-613106270.htm ---
2025-09-09 14:48:30 - INFO -   > Scraped Data for Ad:
2025-09-09 14:48:30 - INFO -     - model          : Tavola da surf
2025-09-09 14:48:30 - INFO -     - price          : 450.0
2025-09-09 14:48:30 - INFO -     - location       : Roma (RM)
2025-09-09 14:48:30 - INFO -     - link           : https://www.subito.it/sport/tavola-da-surf-roma-613106270.htm
2025-09-09 14:48:30 - INFO -     - brand          : None
2025-09-09 14:48:30 - INFO -     - length_ft      : 8
2025-09-09 14:48:30 - INFO -     - length_in      : 0
2025-09-09 14:48:30 - INFO -     - width_in       : 21.75
2025-09-09 14:48:30 - INFO -     - thickness_in   : 3.0
2025-09-09 14:48:30 - INFO -     - liters         : 59.8
2025-09-09 14:48:31 - INFO - --- Processing NEW ad: https://www.subito.it/sport/sup-gonfiabile-roma-613044721.htm ---
2025-09-09 14:48:31 - INFO -   > Scraped Data for Ad:
2025-09-09 14:48:31 - INFO -     - model          : SUP gonfiabile
2025-09-09 14:48:31 - INFO -     - price          : 150.0
2025-09-09 14:48:31 - INFO -     - location       : Roma (RM)
2025-09-09 14:48:31 - INFO -     - link           : https://www.subito.it/sport/sup-gonfiabile-roma-613044721.htm
2025-09-09 14:48:31 - INFO -     - brand          : Sic
2025-09-09 14:48:31 - INFO -     - length_ft      : None
2025-09-09 14:48:31 - INFO -     - length_in      : None
2025-09-09 14:48:31 - INFO -     - width_in       : None
2025-09-09 14:48:31 - INFO -     - thickness_in   : None
2025-09-09 14:48:31 - INFO -     - liters         : None
2025-09-09 14:48:33 - INFO - --- Processing NEW ad: https://www.subito.it/sport/lost-surfboards-mayhem-sub-driver-2-0-pro-formance-roma-612940174.htm ---
2025-09-09 14:48:34 - INFO -   > Scraped Data for Ad:
2025-09-09 14:48:34 - INFO -     - model          : Lost Surfboards Mayhem Sub-Driver 2.0 pro-formance
2025-09-09 14:48:34 - INFO -     - price          : 499.0
2025-09-09 14:48:34 - INFO -     - location       : Roma (RM)
2025-09-09 14:48:34 - INFO -     - link           : https://www.subito.it/sport/lost-surfboards-mayhem-sub-driver-2-0-pro-formance-roma-612940174.htm
2025-09-09 14:48:34 - INFO -     - brand          : Lost
2025-09-09 14:48:34 - INFO -     - length_ft      : 10
2025-09-09 14:48:34 - INFO -     - length_in      : 0
2025-09-09 14:48:34 - INFO -     - width_in       : 19.0
2025-09-09 14:48:34 - INFO -     - thickness_in   : 2.0
2025-09-09 14:48:34 - INFO -     - liters         : 27.26
2025-09-09 14:48:35 - INFO - --- Processing NEW ad: https://www.subito.it/abbigliamento-accessori/ciondolo-argento-raspini-a-tema-sport-roma-612641358.htm ---
2025-09-09 14:48:36 - INFO -   > Scraped Data for Ad:
2025-09-09 14:48:36 - INFO -     - model          : Ciondolo argento Raspini a tema sport
2025-09-09 14:48:36 - INFO -     - price          : 25.0
2025-09-09 14:48:36 - INFO -     - location       : Roma (RM)
2025-09-09 14:48:36 - INFO -     - link           : https://www.subito.it/abbigliamento-accessori/ciondolo-argento-raspini-a-tema-sport-roma-612641358.htm
2025-09-09 14:48:36 - INFO -     - brand          : Sic
2025-09-09 14:48:36 - INFO -     - length_ft      : None
2025-09-09 14:48:36 - INFO -     - length_in      : None
2025-09-09 14:48:36 - INFO -     - width_in       : None
2025-09-09 14:48:36 - INFO -     - thickness_in   : None
2025-09-09 14:48:36 - INFO -     - liters         : None
2025-09-09 14:48:37 - INFO - --- Processing NEW ad: https://www.subito.it/sport/tavola-surf-surfboard-gonfiabile-coasto-8-roma-564620833.htm ---
2025-09-09 14:48:37 - INFO -   > Scraped Data for Ad:
2025-09-09 14:48:37 - INFO -     - model          : Tavola Surf Surfboard Gonfiabile Coasto 8’
2025-09-09 14:48:37 - INFO -     - price          : 230.0
2025-09-09 14:48:37 - INFO -     - location       : Roma (RM)
2025-09-09 14:48:37 - INFO -     - link           : https://www.subito.it/sport/tavola-surf-surfboard-gonfiabile-coasto-8-roma-564620833.htm
2025-09-09 14:48:37 - INFO -     - brand          : None
2025-09-09 14:48:37 - INFO -     - length_ft      : None
2025-09-09 14:48:37 - INFO -     - length_in      : None
2025-09-09 14:48:37 - INFO -     - width_in       : None
2025-09-09 14:48:37 - INFO -     - thickness_in   : None
2025-09-09 14:48:37 - INFO -     - liters         : None
2025-09-09 14:48:40 - INFO - Scraping search results from: https://www.subito.it/annunci-lazio/vendita/usato/roma/roma/?q=surfboard
2025-09-09 14:48:40 - INFO - Found 28 potential ad containers on the page.
2025-09-09 14:48:40 - INFO - --- Processing NEW ad: https://www.subito.it/abbigliamento-accessori/orologio-bulova-uomo-roma-615436765.htm ---
2025-09-09 14:48:40 - INFO -   > Scraped Data for Ad:
2025-09-09 14:48:40 - INFO -     - model          : orologio bulova uomo
2025-09-09 14:48:40 - INFO -     - price          : 349.0
2025-09-09 14:48:40 - INFO -     - location       : Roma (RM)
2025-09-09 14:48:40 - INFO -     - link           : https://www.subito.it/abbigliamento-accessori/orologio-bulova-uomo-roma-615436765.htm
2025-09-09 14:48:40 - INFO -     - brand          : None
2025-09-09 14:48:40 - INFO -     - length_ft      : None
2025-09-09 14:48:40 - INFO -     - length_in      : None
2025-09-09 14:48:40 - INFO -     - width_in       : None
2025-09-09 14:48:40 - INFO -     - thickness_in   : None
2025-09-09 14:48:40 - INFO -     - liters         : None
2025-09-09 14:48:42 - INFO - --- Processing NEW ad: https://www.subito.it/sport/tavola-surf-pukas-hyperlink-5-11-32-litri-roma-roma-615150018.htm ---
2025-09-09 14:48:42 - INFO -   > Scraped Data for Ad:
2025-09-09 14:48:42 - INFO -     - model          : Tavola Surf Pukas Hyperlink 5.11 - 32 Litri Roma
2025-09-09 14:48:42 - INFO -     - price          : 350.0
2025-09-09 14:48:42 - INFO -     - location       : Roma (RM)
2025-09-09 14:48:42 - INFO -     - link           : https://www.subito.it/sport/tavola-surf-pukas-hyperlink-5-11-32-litri-roma-roma-615150018.htm
2025-09-09 14:48:42 - INFO -     - brand          : Mayhem
2025-09-09 14:48:42 - INFO -     - length_ft      : 5
2025-09-09 14:48:42 - INFO -     - length_in      : 11
2025-09-09 14:48:42 - INFO -     - width_in       : None
2025-09-09 14:48:42 - INFO -     - thickness_in   : None
2025-09-09 14:48:42 - INFO -     - liters         : 32.0
2025-09-09 14:48:44 - INFO - --- Processing NEW ad: https://www.subito.it/sport/tavola-surf-longboard-crime-glider-roma-614704274.htm ---
2025-09-09 14:48:44 - INFO -   > Scraped Data for Ad:
2025-09-09 14:48:44 - INFO -     - model          : Tavola surf longboard Crime GLIDER
2025-09-09 14:48:44 - INFO -     - price          : 760.0
2025-09-09 14:48:44 - INFO -     - location       : Roma (RM)
2025-09-09 14:48:44 - INFO -     - link           : https://www.subito.it/sport/tavola-surf-longboard-crime-glider-roma-614704274.htm
2025-09-09 14:48:44 - INFO -     - brand          : None
2025-09-09 14:48:44 - INFO -     - length_ft      : 10
2025-09-09 14:48:44 - INFO -     - length_in      : 1
2025-09-09 14:48:44 - INFO -     - width_in       : 23.5
2025-09-09 14:48:44 - INFO -     - thickness_in   : None
2025-09-09 14:48:44 - INFO -     - liters         : None
2025-09-09 14:48:47 - INFO - --- Processing NEW ad: https://www.subito.it/sport/sacca-surfboard-bag-roma-613288725.htm ---
2025-09-09 14:48:47 - INFO -   > Scraped Data for Ad:
2025-09-09 14:48:47 - INFO -     - model          : Sacca surfboard bag
2025-09-09 14:48:47 - INFO -     - price          : 33.0
2025-09-09 14:48:47 - INFO -     - location       : Roma (RM)
2025-09-09 14:48:47 - INFO -     - link           : https://www.subito.it/sport/sacca-surfboard-bag-roma-613288725.htm
2025-09-09 14:48:47 - INFO -     - brand          : None
2025-09-09 14:48:47 - INFO -     - length_ft      : None
2025-09-09 14:48:47 - INFO -     - length_in      : None
2025-09-09 14:48:47 - INFO -     - width_in       : None
2025-09-09 14:48:47 - INFO -     - thickness_in   : None
2025-09-09 14:48:47 - INFO -     - liters         : None
2025-09-09 14:48:50 - INFO - --- Processing NEW ad: https://www.subito.it/sport/tavola-surf-surfboard-gonfiabile-coasto-8-roma-564620833.htm ---
2025-09-09 14:48:50 - INFO -   > Scraped Data for Ad:
2025-09-09 14:48:50 - INFO -     - model          : Tavola Surf Surfboard Gonfiabile Coasto 8’
2025-09-09 14:48:50 - INFO -     - price          : 230.0
2025-09-09 14:48:50 - INFO -     - location       : Roma (RM)
2025-09-09 14:48:50 - INFO -     - link           : https://www.subito.it/sport/tavola-surf-surfboard-gonfiabile-coasto-8-roma-564620833.htm
2025-09-09 14:48:50 - INFO -     - brand          : None
2025-09-09 14:48:50 - INFO -     - length_ft      : None
2025-09-09 14:48:50 - INFO -     - length_in      : None
2025-09-09 14:48:50 - INFO -     - width_in       : None
2025-09-09 14:48:50 - INFO -     - thickness_in   : None
2025-09-09 14:48:50 - INFO -     - liters         : None
2025-09-09 14:48:52 - INFO - --- Processing NEW ad: https://www.subito.it/sport/sacca-trasporto-surfboard-impermeabile-northcore-roma-611290215.htm ---
2025-09-09 14:48:52 - INFO -   > Scraped Data for Ad:
2025-09-09 14:48:52 - INFO -     - model          : Sacca trasporto Surfboard impermeabile Northcore
2025-09-09 14:48:52 - INFO -     - price          : 50.0
2025-09-09 14:48:52 - INFO -     - location       : Roma (RM)
2025-09-09 14:48:52 - INFO -     - link           : https://www.subito.it/sport/sacca-trasporto-surfboard-impermeabile-northcore-roma-611290215.htm
2025-09-09 14:48:52 - INFO -     - brand          : None
2025-09-09 14:48:52 - INFO -     - length_ft      : 6
2025-09-09 14:48:52 - INFO -     - length_in      : 0
2025-09-09 14:48:52 - INFO -     - width_in       : None
2025-09-09 14:48:52 - INFO -     - thickness_in   : None
2025-09-09 14:48:52 - INFO -     - liters         : None
2025-09-09 14:48:54 - INFO - --- Processing NEW ad: https://www.subito.it/sport/tavola-da-surf-m-a-t-5-7-in-fibra-di-vetro-26-5l-roma-611289541.htm ---
2025-09-09 14:48:54 - INFO -   > Scraped Data for Ad:
2025-09-09 14:48:54 - INFO -     - model          : Tavola da Surf M.A.T. 5.7 in fibra di vetro, 26,5L
2025-09-09 14:48:54 - INFO -     - price          : 200.0
2025-09-09 14:48:54 - INFO -     - location       : Roma (RM)
2025-09-09 14:48:54 - INFO -     - link           : https://www.subito.it/sport/tavola-da-surf-m-a-t-5-7-in-fibra-di-vetro-26-5l-roma-611289541.htm
2025-09-09 14:48:54 - INFO -     - brand          : None
2025-09-09 14:48:54 - INFO -     - length_ft      : 5
2025-09-09 14:48:54 - INFO -     - length_in      : 7
2025-09-09 14:48:54 - INFO -     - width_in       : None
2025-09-09 14:48:54 - INFO -     - thickness_in   : None
2025-09-09 14:48:54 - INFO -     - liters         : 26.5
2025-09-09 14:48:55 - INFO - --- Processing NEW ad: https://www.subito.it/sport/surfboard-roma-605229001.htm ---
2025-09-09 14:48:55 - INFO -   > Scraped Data for Ad:
2025-09-09 14:48:55 - INFO -     - model          : surfboard
2025-09-09 14:48:55 - INFO -     - price          : 90.0
2025-09-09 14:48:55 - INFO -     - location       : Roma (RM)
2025-09-09 14:48:55 - INFO -     - link           : https://www.subito.it/sport/surfboard-roma-605229001.htm
2025-09-09 14:48:55 - INFO -     - brand          : None
2025-09-09 14:48:55 - INFO -     - length_ft      : 5
2025-09-09 14:48:55 - INFO -     - length_in      : 11
2025-09-09 14:48:55 - INFO -     - width_in       : None
2025-09-09 14:48:55 - INFO -     - thickness_in   : None
2025-09-09 14:48:55 - INFO -     - liters         : None
2025-09-09 14:48:57 - INFO - --- Processing NEW ad: https://www.subito.it/sport/surfboard-bic-mini-malibu-7-3-gerard-dabbadie-roma-603457255.htm ---
2025-09-09 14:48:58 - INFO -   > Scraped Data for Ad:
2025-09-09 14:48:58 - INFO -     - model          : Surfboard BIC Mini Malibu 7'3"  - Gerard Dabbadie
2025-09-09 14:48:58 - INFO -     - price          : 190.0
2025-09-09 14:48:58 - INFO -     - location       : Roma (RM)
2025-09-09 14:48:58 - INFO -     - link           : https://www.subito.it/sport/surfboard-bic-mini-malibu-7-3-gerard-dabbadie-roma-603457255.htm
2025-09-09 14:48:58 - INFO -     - brand          : Bic
2025-09-09 14:48:58 - INFO -     - length_ft      : 7
2025-09-09 14:48:58 - INFO -     - length_in      : 3
2025-09-09 14:48:58 - INFO -     - width_in       : None
2025-09-09 14:48:58 - INFO -     - thickness_in   : None
2025-09-09 14:48:58 - INFO -     - liters         : None
2025-09-09 14:49:01 - INFO - --- Processing NEW ad: https://www.subito.it/sport/honu-surfboard-fish-tail-roma-601702001.htm ---
2025-09-09 14:49:01 - INFO -   > Scraped Data for Ad:
2025-09-09 14:49:01 - INFO -     - model          : Honu surfboard fish tail
2025-09-09 14:49:01 - INFO -     - price          : 250.0
2025-09-09 14:49:01 - INFO -     - location       : Roma (RM)
2025-09-09 14:49:01 - INFO -     - link           : https://www.subito.it/sport/honu-surfboard-fish-tail-roma-601702001.htm
2025-09-09 14:49:01 - INFO -     - brand          : None
2025-09-09 14:49:01 - INFO -     - length_ft      : 6
2025-09-09 14:49:01 - INFO -     - length_in      : 4
2025-09-09 14:49:01 - INFO -     - width_in       : None
2025-09-09 14:49:01 - INFO -     - thickness_in   : None
2025-09-09 14:49:01 - INFO -     - liters         : 47.0
2025-09-09 14:49:04 - INFO - --- Processing NEW ad: https://www.subito.it/sport/surfboard-olaian-soft-roma-599506043.htm ---
2025-09-09 14:49:04 - INFO -   > Scraped Data for Ad:
2025-09-09 14:49:04 - INFO -     - model          : Surfboard Olaian Soft
2025-09-09 14:49:04 - INFO -     - price          : 90.0
2025-09-09 14:49:04 - INFO -     - location       : Roma (RM)
2025-09-09 14:49:04 - INFO -     - link           : https://www.subito.it/sport/surfboard-olaian-soft-roma-599506043.htm
2025-09-09 14:49:04 - INFO -     - brand          : None
2025-09-09 14:49:04 - INFO -     - length_ft      : None
2025-09-09 14:49:04 - INFO -     - length_in      : None
2025-09-09 14:49:04 - INFO -     - width_in       : None
2025-09-09 14:49:04 - INFO -     - thickness_in   : None
2025-09-09 14:49:04 - INFO -     - liters         : None
2025-09-09 14:49:07 - INFO - --- Processing NEW ad: https://www.subito.it/sport/surf-surfboard-6-6-soft-roma-597202498.htm ---
2025-09-09 14:49:07 - INFO -   > Scraped Data for Ad:
2025-09-09 14:49:07 - INFO -     - model          : Surf surfboard 6’6 soft
2025-09-09 14:49:07 - INFO -     - price          : 280.0
2025-09-09 14:49:07 - INFO -     - location       : Roma (RM)
2025-09-09 14:49:07 - INFO -     - link           : https://www.subito.it/sport/surf-surfboard-6-6-soft-roma-597202498.htm
2025-09-09 14:49:07 - INFO -     - brand          : None
2025-09-09 14:49:07 - INFO -     - length_ft      : 6
2025-09-09 14:49:07 - INFO -     - length_in      : 6
2025-09-09 14:49:07 - INFO -     - width_in       : None
2025-09-09 14:49:07 - INFO -     - thickness_in   : None
2025-09-09 14:49:07 - INFO -     - liters         : 60.0
2025-09-09 14:49:09 - INFO - --- Processing NEW ad: https://www.subito.it/sport/tavola-surf-surfboard-fish-roma-595415969.htm ---
2025-09-09 14:49:10 - INFO -   > Scraped Data for Ad:
2025-09-09 14:49:10 - INFO -     - model          : Tavola surf ,Surfboard  fish
2025-09-09 14:49:10 - INFO -     - price          : 400.0
2025-09-09 14:49:10 - INFO -     - location       : Roma (RM)
2025-09-09 14:49:10 - INFO -     - link           : https://www.subito.it/sport/tavola-surf-surfboard-fish-roma-595415969.htm
2025-09-09 14:49:10 - INFO -     - brand          : None
2025-09-09 14:49:10 - INFO -     - length_ft      : 11
2025-09-09 14:49:10 - INFO -     - length_in      : 0
2025-09-09 14:49:10 - INFO -     - width_in       : 21.75
2025-09-09 14:49:10 - INFO -     - thickness_in   : 2.625
2025-09-09 14:49:10 - INFO -     - liters         : 36.0
2025-09-09 14:49:12 - INFO - --- Processing NEW ad: https://www.subito.it/sport/sacca-surf-7-6-ocean-earth-roma-594746262.htm ---
2025-09-09 14:49:12 - INFO -   > Scraped Data for Ad:
2025-09-09 14:49:12 - INFO -     - model          : Sacca Surf 7.6" Ocean & Earth
2025-09-09 14:49:12 - INFO -     - price          : 50.0
2025-09-09 14:49:12 - INFO -     - location       : Roma (RM)
2025-09-09 14:49:12 - INFO -     - link           : https://www.subito.it/sport/sacca-surf-7-6-ocean-earth-roma-594746262.htm
2025-09-09 14:49:12 - INFO -     - brand          : Sic
2025-09-09 14:49:12 - INFO -     - length_ft      : 7
2025-09-09 14:49:12 - INFO -     - length_in      : 6
2025-09-09 14:49:12 - INFO -     - width_in       : None
2025-09-09 14:49:12 - INFO -     - thickness_in   : None
2025-09-09 14:49:12 - INFO -     - liters         : None
2025-09-09 14:49:13 - INFO - --- Processing NEW ad: https://www.subito.it/sport/surfboard-30-litri-5-6-roma-588558605.htm ---
2025-09-09 14:49:13 - INFO -   > Scraped Data for Ad:
2025-09-09 14:49:13 - INFO -     - model          : Surfboard 30 litri 5.6
2025-09-09 14:49:13 - INFO -     - price          : 230.0
2025-09-09 14:49:13 - INFO -     - location       : Roma (RM)
2025-09-09 14:49:13 - INFO -     - link           : https://www.subito.it/sport/surfboard-30-litri-5-6-roma-588558605.htm
2025-09-09 14:49:13 - INFO -     - brand          : None
2025-09-09 14:49:13 - INFO -     - length_ft      : 5
2025-09-09 14:49:13 - INFO -     - length_in      : 6
2025-09-09 14:49:13 - INFO -     - width_in       : None
2025-09-09 14:49:13 - INFO -     - thickness_in   : None
2025-09-09 14:49:13 - INFO -     - liters         : 30.0
2025-09-09 14:49:16 - INFO - --- Processing NEW ad: https://www.subito.it/sport/tavola-surf-fish-x-roma-584788413.htm ---
2025-09-09 14:49:16 - INFO -   > Scraped Data for Ad:
2025-09-09 14:49:16 - INFO -     - model          : Tavola surf Fish X
2025-09-09 14:49:16 - INFO -     - price          : 250.0
2025-09-09 14:49:16 - INFO -     - location       : Roma (RM)
2025-09-09 14:49:16 - INFO -     - link           : https://www.subito.it/sport/tavola-surf-fish-x-roma-584788413.htm
2025-09-09 14:49:16 - INFO -     - brand          : None
2025-09-09 14:49:16 - INFO -     - length_ft      : 5
2025-09-09 14:49:16 - INFO -     - length_in      : 6
2025-09-09 14:49:16 - INFO -     - width_in       : None
2025-09-09 14:49:16 - INFO -     - thickness_in   : None
2025-09-09 14:49:16 - INFO -     - liters         : None
2025-09-09 14:49:18 - INFO - --- Processing NEW ad: https://www.subito.it/bambini-giocattoli/lego-6518-guardia-spiaggia-roma-583535240.htm ---
2025-09-09 14:49:18 - INFO -   > Scraped Data for Ad:
2025-09-09 14:49:18 - INFO -     - model          : Lego 6518 Guardia spiaggia
2025-09-09 14:49:18 - INFO -     - price          : 14.0
2025-09-09 14:49:18 - INFO -     - location       : Roma (RM)
2025-09-09 14:49:18 - INFO -     - link           : https://www.subito.it/bambini-giocattoli/lego-6518-guardia-spiaggia-roma-583535240.htm
2025-09-09 14:49:18 - INFO -     - brand          : None
2025-09-09 14:49:18 - INFO -     - length_ft      : None
2025-09-09 14:49:18 - INFO -     - length_in      : None
2025-09-09 14:49:18 - INFO -     - width_in       : None
2025-09-09 14:49:18 - INFO -     - thickness_in   : None
2025-09-09 14:49:18 - INFO -     - liters         : None
2025-09-09 14:49:19 - INFO - --- Processing NEW ad: https://www.subito.it/sport/tavola-surf-epoxy-7ft-verde-menta-roma-526925605.htm ---
2025-09-09 14:49:20 - INFO -   > Scraped Data for Ad:
2025-09-09 14:49:20 - INFO -     - model          : Tavola surf epoxy 7ft verde menta
2025-09-09 14:49:20 - INFO -     - price          : 350.0
2025-09-09 14:49:20 - INFO -     - location       : Roma (RM)
2025-09-09 14:49:20 - INFO -     - link           : https://www.subito.it/sport/tavola-surf-epoxy-7ft-verde-menta-roma-526925605.htm
2025-09-09 14:49:20 - INFO -     - brand          : None
2025-09-09 14:49:20 - INFO -     - length_ft      : None
2025-09-09 14:49:20 - INFO -     - length_in      : None
2025-09-09 14:49:20 - INFO -     - width_in       : None
2025-09-09 14:49:20 - INFO -     - thickness_in   : None
2025-09-09 14:49:20 - INFO -     - liters         : 50.0
2025-09-09 14:49:21 - INFO - --- Processing NEW ad: https://www.subito.it/hobby-collezionismo/lego-6813-space-police-roma-581867278.htm ---
2025-09-09 14:49:22 - INFO -   > Scraped Data for Ad:
2025-09-09 14:49:22 - INFO -     - model          : Lego 6813 Space Police
2025-09-09 14:49:22 - INFO -     - price          : 18.0
2025-09-09 14:49:22 - INFO -     - location       : Roma (RM)
2025-09-09 14:49:22 - INFO -     - link           : https://www.subito.it/hobby-collezionismo/lego-6813-space-police-roma-581867278.htm
2025-09-09 14:49:22 - INFO -     - brand          : None
2025-09-09 14:49:22 - INFO -     - length_ft      : None
2025-09-09 14:49:22 - INFO -     - length_in      : None
2025-09-09 14:49:22 - INFO -     - width_in       : None
2025-09-09 14:49:22 - INFO -     - thickness_in   : None
2025-09-09 14:49:22 - INFO -     - liters         : None
2025-09-09 14:49:23 - INFO - --- Processing NEW ad: https://www.subito.it/hobby-collezionismo/lego-6538-rebel-roadster-roma-581867815.htm ---
2025-09-09 14:49:24 - INFO -   > Scraped Data for Ad:
2025-09-09 14:49:24 - INFO -     - model          : Lego 6538 Rebel Roadster
2025-09-09 14:49:24 - INFO -     - price          : 14.0
2025-09-09 14:49:24 - INFO -     - location       : Roma (RM)
2025-09-09 14:49:24 - INFO -     - link           : https://www.subito.it/hobby-collezionismo/lego-6538-rebel-roadster-roma-581867815.htm
2025-09-09 14:49:24 - INFO -     - brand          : None
2025-09-09 14:49:24 - INFO -     - length_ft      : None
2025-09-09 14:49:24 - INFO -     - length_in      : None
2025-09-09 14:49:24 - INFO -     - width_in       : None
2025-09-09 14:49:24 - INFO -     - thickness_in   : None
2025-09-09 14:49:24 - INFO -     - liters         : None
2025-09-09 14:49:26 - INFO - --- Processing NEW ad: https://www.subito.it/hobby-collezionismo/lego-4002-racer-boat-roma-581868068.htm ---
2025-09-09 14:49:27 - INFO -   > Scraped Data for Ad:
2025-09-09 14:49:27 - INFO -     - model          : Lego 4002 Racer boat
2025-09-09 14:49:27 - INFO -     - price          : 19.0
2025-09-09 14:49:27 - INFO -     - location       : Roma (RM)
2025-09-09 14:49:27 - INFO -     - link           : https://www.subito.it/hobby-collezionismo/lego-4002-racer-boat-roma-581868068.htm
2025-09-09 14:49:27 - INFO -     - brand          : None
2025-09-09 14:49:27 - INFO -     - length_ft      : None
2025-09-09 14:49:27 - INFO -     - length_in      : None
2025-09-09 14:49:27 - INFO -     - width_in       : None
2025-09-09 14:49:27 - INFO -     - thickness_in   : None
2025-09-09 14:49:27 - INFO -     - liters         : None
2025-09-09 14:49:29 - INFO - --- Processing NEW ad: https://www.subito.it/hobby-collezionismo/lego-6712-wild-west-no-title-dinamite-roma-581868300.htm ---
2025-09-09 14:49:29 - INFO -   > Scraped Data for Ad:
2025-09-09 14:49:29 - INFO -     - model          : Lego 6712 Wild West (no title dinamite)
2025-09-09 14:49:29 - INFO -     - price          : 21.0
2025-09-09 14:49:29 - INFO -     - location       : Roma (RM)
2025-09-09 14:49:29 - INFO -     - link           : https://www.subito.it/hobby-collezionismo/lego-6712-wild-west-no-title-dinamite-roma-581868300.htm
2025-09-09 14:49:29 - INFO -     - brand          : None
2025-09-09 14:49:29 - INFO -     - length_ft      : None
2025-09-09 14:49:29 - INFO -     - length_in      : None
2025-09-09 14:49:29 - INFO -     - width_in       : None
2025-09-09 14:49:29 - INFO -     - thickness_in   : None
2025-09-09 14:49:29 - INFO -     - liters         : None
2025-09-09 14:49:30 - INFO - --- Processing NEW ad: https://www.subito.it/hobby-collezionismo/lego-6237-pirati-roma-581868590.htm ---
2025-09-09 14:49:30 - INFO -   > Scraped Data for Ad:
2025-09-09 14:49:30 - INFO -     - model          : Lego 6237 Pirati
2025-09-09 14:49:30 - INFO -     - price          : 14.0
2025-09-09 14:49:30 - INFO -     - location       : Roma (RM)
2025-09-09 14:49:30 - INFO -     - link           : https://www.subito.it/hobby-collezionismo/lego-6237-pirati-roma-581868590.htm
2025-09-09 14:49:30 - INFO -     - brand          : None
2025-09-09 14:49:30 - INFO -     - length_ft      : None
2025-09-09 14:49:30 - INFO -     - length_in      : None
2025-09-09 14:49:30 - INFO -     - width_in       : None
2025-09-09 14:49:30 - INFO -     - thickness_in   : None
2025-09-09 14:49:30 - INFO -     - liters         : None
2025-09-09 14:49:33 - INFO - --- Processing NEW ad: https://www.subito.it/hobby-collezionismo/lego-6351-surf-n-sail-camper-no-surfboard-roma-581868754.htm ---
2025-09-09 14:49:33 - INFO -   > Scraped Data for Ad:
2025-09-09 14:49:33 - INFO -     - model          : Lego 6351 Surf N' Sail Camper (no surfboard)
2025-09-09 14:49:33 - INFO -     - price          : 31.0
2025-09-09 14:49:33 - INFO -     - location       : Roma (RM)
2025-09-09 14:49:33 - INFO -     - link           : https://www.subito.it/hobby-collezionismo/lego-6351-surf-n-sail-camper-no-surfboard-roma-581868754.htm
2025-09-09 14:49:33 - INFO -     - brand          : None
2025-09-09 14:49:33 - INFO -     - length_ft      : None
2025-09-09 14:49:33 - INFO -     - length_in      : None
2025-09-09 14:49:33 - INFO -     - width_in       : None
2025-09-09 14:49:33 - INFO -     - thickness_in   : None
2025-09-09 14:49:33 - INFO -     - liters         : None
2025-09-09 14:49:35 - INFO - --- Processing NEW ad: https://www.subito.it/sport/surfboard-by-x-ad-6-6-roma-579176335.htm ---
2025-09-09 14:49:36 - INFO -   > Scraped Data for Ad:
2025-09-09 14:49:36 - INFO -     - model          : Surfboard by X AD 6,6
2025-09-09 14:49:36 - INFO -     - price          : 150.0
2025-09-09 14:49:36 - INFO -     - location       : Roma (RM)
2025-09-09 14:49:36 - INFO -     - link           : https://www.subito.it/sport/surfboard-by-x-ad-6-6-roma-579176335.htm
2025-09-09 14:49:36 - INFO -     - brand          : None
2025-09-09 14:49:36 - INFO -     - length_ft      : None
2025-09-09 14:49:36 - INFO -     - length_in      : None
2025-09-09 14:49:36 - INFO -     - width_in       : None
2025-09-09 14:49:36 - INFO -     - thickness_in   : None
2025-09-09 14:49:36 - INFO -     - liters         : 46.2
2025-09-09 14:49:37 - INFO - --- Processing NEW ad: https://www.subito.it/sport/surfboard-roma-575939909.htm ---
2025-09-09 14:49:37 - INFO -   > Scraped Data for Ad:
2025-09-09 14:49:37 - INFO -     - model          : Surfboard
2025-09-09 14:49:37 - INFO -     - price          : 350.0
2025-09-09 14:49:37 - INFO -     - location       : Roma (RM)
2025-09-09 14:49:37 - INFO -     - link           : https://www.subito.it/sport/surfboard-roma-575939909.htm
2025-09-09 14:49:37 - INFO -     - brand          : None
2025-09-09 14:49:37 - INFO -     - length_ft      : 10
2025-09-09 14:49:37 - INFO -     - length_in      : 0
2025-09-09 14:49:37 - INFO -     - width_in       : 19.5
2025-09-09 14:49:37 - INFO -     - thickness_in   : 2.625
2025-09-09 14:49:37 - INFO -     - liters         : None
2025-09-09 14:49:39 - INFO - --- Processing NEW ad: https://www.subito.it/sport/firewire-sweet-potato-6-0-roma-569299224.htm ---
2025-09-09 14:49:39 - INFO -   > Scraped Data for Ad:
2025-09-09 14:49:39 - INFO -     - model          : Firewire Sweet Potato 6’0
2025-09-09 14:49:39 - INFO -     - price          : 450.0
2025-09-09 14:49:39 - INFO -     - location       : Roma (RM)
2025-09-09 14:49:39 - INFO -     - link           : https://www.subito.it/sport/firewire-sweet-potato-6-0-roma-569299224.htm
2025-09-09 14:49:39 - INFO -     - brand          : Firewire
2025-09-09 14:49:39 - INFO -     - length_ft      : 6
2025-09-09 14:49:39 - INFO -     - length_in      : 0
2025-09-09 14:49:39 - INFO -     - width_in       : 22.75
2025-09-09 14:49:39 - INFO -     - thickness_in   : 3.0
2025-09-09 14:49:39 - INFO -     - liters         : 49.0
2025-09-09 14:49:41 - INFO - Committing new ads to the database...
2025-09-09 14:49:41 - INFO - Scraping session finished. Added 58 new ads.
2025-09-09 15:19:34 - INFO - Scraping search results from: https://www.subito.it/annunci-lazio/vendita/usato/roma/roma/?q=tavola+da+surf&o=1
2025-09-09 15:19:35 - INFO - Found 31 potential ad containers on page 1.
2025-09-09 15:19:39 - INFO - Scraping search results from: https://www.subito.it/annunci-lazio/vendita/usato/roma/roma/?q=tavola+da+surf&o=2
2025-09-09 15:19:39 - INFO - Found 31 potential ad containers on page 2.
2025-09-09 15:19:39 - INFO - --- Processing NEW ad: https://www.subito.it/sport/tavola-surf-longboard-9-22-3-roma-584227184.htm ---
2025-09-09 15:19:39 - INFO -   > Scraped Data for Ad:
2025-09-09 15:19:39 - INFO -     - model          : tavola surf longboard 9’ 22’ 3’
2025-09-09 15:19:39 - INFO -     - price          : 950.0
2025-09-09 15:19:39 - INFO -     - location       : Roma (RM)
2025-09-09 15:19:39 - INFO -     - link           : https://www.subito.it/sport/tavola-surf-longboard-9-22-3-roma-584227184.htm
2025-09-09 15:19:39 - INFO -     - brand          : Sic
2025-09-09 15:19:39 - INFO -     - length_ft      : None
2025-09-09 15:19:39 - INFO -     - length_in      : None
2025-09-09 15:19:39 - INFO -     - width_in       : None
2025-09-09 15:19:39 - INFO -     - thickness_in   : None
2025-09-09 15:19:39 - INFO -     - liters         : None
2025-09-09 15:19:42 - INFO - --- Processing NEW ad: https://www.subito.it/sport/tavola-surf-kitesurf-windsurf-roma-612313629.htm ---
2025-09-09 15:19:42 - INFO -   > Scraped Data for Ad:
2025-09-09 15:19:42 - INFO -     - model          : tavola surf/kitesurf/windsurf
2025-09-09 15:19:42 - INFO -     - price          : 20.0
2025-09-09 15:19:42 - INFO -     - location       : Roma (RM)
2025-09-09 15:19:42 - INFO -     - link           : https://www.subito.it/sport/tavola-surf-kitesurf-windsurf-roma-612313629.htm
2025-09-09 15:19:42 - INFO -     - brand          : None
2025-09-09 15:19:42 - INFO -     - length_ft      : None
2025-09-09 15:19:42 - INFO -     - length_in      : None
2025-09-09 15:19:42 - INFO -     - width_in       : None
2025-09-09 15:19:42 - INFO -     - thickness_in   : None
2025-09-09 15:19:42 - INFO -     - liters         : None
2025-09-09 15:19:43 - INFO - --- Processing NEW ad: https://www.subito.it/sport/tavola-da-surf-roma-612243597.htm ---
2025-09-09 15:19:43 - INFO -   > Scraped Data for Ad:
2025-09-09 15:19:43 - INFO -     - model          : Tavola da surf
2025-09-09 15:19:43 - INFO -     - price          : 400.0
2025-09-09 15:19:43 - INFO -     - location       : Roma (RM)
2025-09-09 15:19:43 - INFO -     - link           : https://www.subito.it/sport/tavola-da-surf-roma-612243597.htm
2025-09-09 15:19:43 - INFO -     - brand          : None
2025-09-09 15:19:43 - INFO -     - length_ft      : 5
2025-09-09 15:19:43 - INFO -     - length_in      : 5
2025-09-09 15:19:43 - INFO -     - width_in       : None
2025-09-09 15:19:43 - INFO -     - thickness_in   : None
2025-09-09 15:19:43 - INFO -     - liters         : None
2025-09-09 15:19:46 - INFO - --- Processing NEW ad: https://www.subito.it/sport/jetsurf-titanium-dfi-2019-roma-564206069.htm ---
2025-09-09 15:19:46 - INFO -   > Scraped Data for Ad:
2025-09-09 15:19:46 - INFO -     - model          : Jetsurf Titanium DFI 2019
2025-09-09 15:19:46 - INFO -     - price          : 6.0
2025-09-09 15:19:46 - INFO -     - location       : Roma (RM)
2025-09-09 15:19:46 - INFO -     - link           : https://www.subito.it/sport/jetsurf-titanium-dfi-2019-roma-564206069.htm
2025-09-09 15:19:46 - INFO -     - brand          : None
2025-09-09 15:19:46 - INFO -     - length_ft      : None
2025-09-09 15:19:46 - INFO -     - length_in      : None
2025-09-09 15:19:46 - INFO -     - width_in       : None
2025-09-09 15:19:46 - INFO -     - thickness_in   : None
2025-09-09 15:19:46 - INFO -     - liters         : None
2025-09-09 15:19:47 - INFO - --- Processing NEW ad: https://www.subito.it/abbigliamento-accessori/havaianas-infradito-surf-con-sigillo-di-garanzia-roma-611862796.htm ---
2025-09-09 15:19:48 - INFO -   > Scraped Data for Ad:
2025-09-09 15:19:48 - INFO -     - model          : Havaianas: Infradito Surf con sigillo di garanzia
2025-09-09 15:19:48 - INFO -     - price          : 29.0
2025-09-09 15:19:48 - INFO -     - location       : Roma (RM)
2025-09-09 15:19:48 - INFO -     - link           : https://www.subito.it/abbigliamento-accessori/havaianas-infradito-surf-con-sigillo-di-garanzia-roma-611862796.htm
2025-09-09 15:19:48 - INFO -     - brand          : None
2025-09-09 15:19:48 - INFO -     - length_ft      : None
2025-09-09 15:19:48 - INFO -     - length_in      : None
2025-09-09 15:19:48 - INFO -     - width_in       : None
2025-09-09 15:19:48 - INFO -     - thickness_in   : None
2025-09-09 15:19:48 - INFO -     - liters         : None
2025-09-09 15:19:49 - INFO - --- Processing NEW ad: https://www.subito.it/sport/surf-bradley-fioravanti-pro-roma-611799442.htm ---
2025-09-09 15:19:49 - INFO -   > Scraped Data for Ad:
2025-09-09 15:19:49 - INFO -     - model          : Surf Bradley Fioravanti Pro
2025-09-09 15:19:49 - INFO -     - price          : 400.0
2025-09-09 15:19:49 - INFO -     - location       : Roma (RM)
2025-09-09 15:19:49 - INFO -     - link           : https://www.subito.it/sport/surf-bradley-fioravanti-pro-roma-611799442.htm
2025-09-09 15:19:49 - INFO -     - brand          : None
2025-09-09 15:19:49 - INFO -     - length_ft      : None
2025-09-09 15:19:49 - INFO -     - length_in      : None
2025-09-09 15:19:49 - INFO -     - width_in       : None
2025-09-09 15:19:49 - INFO -     - thickness_in   : None
2025-09-09 15:19:49 - INFO -     - liters         : None
2025-09-09 15:19:52 - INFO - --- Processing NEW ad: https://www.subito.it/sport/surf-da-onda-mccoy-australiana-roma-611736466.htm ---
2025-09-09 15:19:52 - INFO -   > Scraped Data for Ad:
2025-09-09 15:19:52 - INFO -     - model          : Surf da onda McCoy Australiana
2025-09-09 15:19:52 - INFO -     - price          : 300.0
2025-09-09 15:19:52 - INFO -     - location       : Roma (RM)
2025-09-09 15:19:52 - INFO -     - link           : https://www.subito.it/sport/surf-da-onda-mccoy-australiana-roma-611736466.htm
2025-09-09 15:19:52 - INFO -     - brand          : None
2025-09-09 15:19:52 - INFO -     - length_ft      : 6
2025-09-09 15:19:52 - INFO -     - length_in      : 4
2025-09-09 15:19:52 - INFO -     - width_in       : None
2025-09-09 15:19:52 - INFO -     - thickness_in   : None
2025-09-09 15:19:52 - INFO -     - liters         : None
2025-09-09 15:19:53 - INFO - --- Processing NEW ad: https://www.subito.it/sport/tavola-surf-quiksilver-roma-611584109.htm ---
2025-09-09 15:19:54 - INFO -   > Scraped Data for Ad:
2025-09-09 15:19:54 - INFO -     - model          : Tavola Surf Quiksilver
2025-09-09 15:19:54 - INFO -     - price          : 220.0
2025-09-09 15:19:54 - INFO -     - location       : Roma (RM)
2025-09-09 15:19:54 - INFO -     - link           : https://www.subito.it/sport/tavola-surf-quiksilver-roma-611584109.htm
2025-09-09 15:19:54 - INFO -     - brand          : None
2025-09-09 15:19:54 - INFO -     - length_ft      : 5
2025-09-09 15:19:54 - INFO -     - length_in      : 6
2025-09-09 15:19:54 - INFO -     - width_in       : 21.0
2025-09-09 15:19:54 - INFO -     - thickness_in   : 2.75
2025-09-09 15:19:54 - INFO -     - liters         : 38.0
2025-09-09 15:19:57 - INFO - --- Processing NEW ad: https://www.subito.it/sport/tavola-surf-prescripions-twin-roma-611214344.htm ---
2025-09-09 15:19:57 - INFO -   > Scraped Data for Ad:
2025-09-09 15:19:57 - INFO -     - model          : Tavola Surf Prescripions twin
2025-09-09 15:19:57 - INFO -     - price          : 160.0
2025-09-09 15:19:57 - INFO -     - location       : Roma (RM)
2025-09-09 15:19:57 - INFO -     - link           : https://www.subito.it/sport/tavola-surf-prescripions-twin-roma-611214344.htm
2025-09-09 15:19:57 - INFO -     - brand          : None
2025-09-09 15:19:57 - INFO -     - length_ft      : None
2025-09-09 15:19:57 - INFO -     - length_in      : None
2025-09-09 15:19:57 - INFO -     - width_in       : None
2025-09-09 15:19:57 - INFO -     - thickness_in   : None
2025-09-09 15:19:57 - INFO -     - liters         : 29.0
2025-09-09 15:19:59 - INFO - --- Processing NEW ad: https://www.subito.it/sport/tavola-da-surf-roma-610666685.htm ---
2025-09-09 15:19:59 - INFO -   > Scraped Data for Ad:
2025-09-09 15:19:59 - INFO -     - model          : Tavola da Surf
2025-09-09 15:19:59 - INFO -     - price          : 140.0
2025-09-09 15:19:59 - INFO -     - location       : Roma (RM)
2025-09-09 15:19:59 - INFO -     - link           : https://www.subito.it/sport/tavola-da-surf-roma-610666685.htm
2025-09-09 15:19:59 - INFO -     - brand          : None
2025-09-09 15:19:59 - INFO -     - length_ft      : 5
2025-09-09 15:19:59 - INFO -     - length_in      : 8
2025-09-09 15:19:59 - INFO -     - width_in       : None
2025-09-09 15:19:59 - INFO -     - thickness_in   : None
2025-09-09 15:19:59 - INFO -     - liters         : None
2025-09-09 15:20:01 - INFO - --- Processing NEW ad: https://www.subito.it/sport/tavola-surf-6-3-bushman-roma-610561624.htm ---
2025-09-09 15:20:01 - INFO -   > Scraped Data for Ad:
2025-09-09 15:20:01 - INFO -     - model          : Tavola surf 6’3” bushman
2025-09-09 15:20:01 - INFO -     - price          : 130.0
2025-09-09 15:20:01 - INFO -     - location       : Roma (RM)
2025-09-09 15:20:01 - INFO -     - link           : https://www.subito.it/sport/tavola-surf-6-3-bushman-roma-610561624.htm
2025-09-09 15:20:01 - INFO -     - brand          : None
2025-09-09 15:20:01 - INFO -     - length_ft      : 6
2025-09-09 15:20:01 - INFO -     - length_in      : 3
2025-09-09 15:20:01 - INFO -     - width_in       : None
2025-09-09 15:20:01 - INFO -     - thickness_in   : None
2025-09-09 15:20:01 - INFO -     - liters         : None
2025-09-09 15:20:03 - INFO - --- Processing NEW ad: https://www.subito.it/sport/tavola-da-surf-5-8-roma-610518562.htm ---
2025-09-09 15:20:04 - INFO -   > Scraped Data for Ad:
2025-09-09 15:20:04 - INFO -     - model          : Tavola da surf 5.8
2025-09-09 15:20:04 - INFO -     - price          : 160.0
2025-09-09 15:20:04 - INFO -     - location       : Roma (RM)
2025-09-09 15:20:04 - INFO -     - link           : https://www.subito.it/sport/tavola-da-surf-5-8-roma-610518562.htm
2025-09-09 15:20:04 - INFO -     - brand          : None
2025-09-09 15:20:04 - INFO -     - length_ft      : 5
2025-09-09 15:20:04 - INFO -     - length_in      : 8
2025-09-09 15:20:04 - INFO -     - width_in       : None
2025-09-09 15:20:04 - INFO -     - thickness_in   : None
2025-09-09 15:20:04 - INFO -     - liters         : None
2025-09-09 15:20:05 - INFO - --- Processing NEW ad: https://www.subito.it/fotografia/gopro-hero-11-black-roma-610380960.htm ---
2025-09-09 15:20:06 - INFO -   > Scraped Data for Ad:
2025-09-09 15:20:06 - INFO -     - model          : GoPro Hero 11 Black
2025-09-09 15:20:06 - INFO -     - price          : 350.0
2025-09-09 15:20:06 - INFO -     - location       : Roma (RM)
2025-09-09 15:20:06 - INFO -     - link           : https://www.subito.it/fotografia/gopro-hero-11-black-roma-610380960.htm
2025-09-09 15:20:06 - INFO -     - brand          : None
2025-09-09 15:20:06 - INFO -     - length_ft      : None
2025-09-09 15:20:06 - INFO -     - length_in      : None
2025-09-09 15:20:06 - INFO -     - width_in       : None
2025-09-09 15:20:06 - INFO -     - thickness_in   : None
2025-09-09 15:20:06 - INFO -     - liters         : None
2025-09-09 15:20:08 - INFO - --- Processing NEW ad: https://www.subito.it/sport/tavola-da-surf-shortboard-mar-5-6-roma-579392708.htm ---
2025-09-09 15:20:08 - INFO -   > Scraped Data for Ad:
2025-09-09 15:20:08 - INFO -     - model          : Tavola da Surf Shortboard MAR 5.6
2025-09-09 15:20:08 - INFO -     - price          : 120.0
2025-09-09 15:20:08 - INFO -     - location       : Roma (RM)
2025-09-09 15:20:08 - INFO -     - link           : https://www.subito.it/sport/tavola-da-surf-shortboard-mar-5-6-roma-579392708.htm
2025-09-09 15:20:08 - INFO -     - brand          : None
2025-09-09 15:20:08 - INFO -     - length_ft      : 5
2025-09-09 15:20:08 - INFO -     - length_in      : 6
2025-09-09 15:20:08 - INFO -     - width_in       : 17.1
2025-09-09 15:20:08 - INFO -     - thickness_in   : None
2025-09-09 15:20:08 - INFO -     - liters         : 20.8
2025-09-09 15:20:10 - INFO - --- Processing NEW ad: https://www.subito.it/sport/tavola-surf-5-11-volume-33-5-l-roma-609971761.htm ---
2025-09-09 15:20:11 - INFO -   > Scraped Data for Ad:
2025-09-09 15:20:11 - INFO -     - model          : Tavola surf 5.11 volume 33.5 l
2025-09-09 15:20:11 - INFO -     - price          : 180.0
2025-09-09 15:20:11 - INFO -     - location       : Roma (RM)
2025-09-09 15:20:11 - INFO -     - link           : https://www.subito.it/sport/tavola-surf-5-11-volume-33-5-l-roma-609971761.htm
2025-09-09 15:20:11 - INFO -     - brand          : None
2025-09-09 15:20:11 - INFO -     - length_ft      : 5
2025-09-09 15:20:11 - INFO -     - length_in      : 11
2025-09-09 15:20:11 - INFO -     - width_in       : None
2025-09-09 15:20:11 - INFO -     - thickness_in   : None
2025-09-09 15:20:11 - INFO -     - liters         : 33.5
2025-09-09 15:20:14 - INFO - --- Processing NEW ad: https://www.subito.it/sport/tavola-speciale-fast-trainer-roma-561278636.htm ---
2025-09-09 15:20:14 - INFO -   > Scraped Data for Ad:
2025-09-09 15:20:14 - INFO -     - model          : TAVOLA SPECIALE - FAST TRAINER
2025-09-09 15:20:14 - INFO -     - price          : 1.2
2025-09-09 15:20:14 - INFO -     - location       : Roma (RM)
2025-09-09 15:20:14 - INFO -     - link           : https://www.subito.it/sport/tavola-speciale-fast-trainer-roma-561278636.htm
2025-09-09 15:20:14 - INFO -     - brand          : Sic
2025-09-09 15:20:14 - INFO -     - length_ft      : None
2025-09-09 15:20:14 - INFO -     - length_in      : None
2025-09-09 15:20:14 - INFO -     - width_in       : None
2025-09-09 15:20:14 - INFO -     - thickness_in   : None
2025-09-09 15:20:14 - INFO -     - liters         : None
2025-09-09 15:20:17 - INFO - --- Processing NEW ad: https://www.subito.it/bambini-giocattoli/tavola-surf-bambini-spiderman-marvel-roma-609196426.htm ---
2025-09-09 15:20:17 - INFO -   > Scraped Data for Ad:
2025-09-09 15:20:17 - INFO -     - model          : tavola surf bambini Spiderman (Marvel)
2025-09-09 15:20:17 - INFO -     - price          : 13.0
2025-09-09 15:20:17 - INFO -     - location       : Roma (RM)
2025-09-09 15:20:17 - INFO -     - link           : https://www.subito.it/bambini-giocattoli/tavola-surf-bambini-spiderman-marvel-roma-609196426.htm
2025-09-09 15:20:17 - INFO -     - brand          : None
2025-09-09 15:20:17 - INFO -     - length_ft      : None
2025-09-09 15:20:17 - INFO -     - length_in      : None
2025-09-09 15:20:17 - INFO -     - width_in       : None
2025-09-09 15:20:17 - INFO -     - thickness_in   : None
2025-09-09 15:20:17 - INFO -     - liters         : None
2025-09-09 15:20:18 - INFO - --- Processing NEW ad: https://www.subito.it/sport/tavola-surf-7ft-epoxy-verde-banzai-roma-608906989.htm ---
2025-09-09 15:20:18 - INFO -   > Scraped Data for Ad:
2025-09-09 15:20:18 - INFO -     - model          : Tavola surf 7ft epoxy verde Banzai
2025-09-09 15:20:18 - INFO -     - price          : 350.0
2025-09-09 15:20:18 - INFO -     - location       : Roma (RM)
2025-09-09 15:20:18 - INFO -     - link           : https://www.subito.it/sport/tavola-surf-7ft-epoxy-verde-banzai-roma-608906989.htm
2025-09-09 15:20:18 - INFO -     - brand          : None
2025-09-09 15:20:18 - INFO -     - length_ft      : None
2025-09-09 15:20:18 - INFO -     - length_in      : None
2025-09-09 15:20:18 - INFO -     - width_in       : None
2025-09-09 15:20:18 - INFO -     - thickness_in   : None
2025-09-09 15:20:18 - INFO -     - liters         : 50.0
2025-09-09 15:20:21 - INFO - --- Processing NEW ad: https://www.subito.it/sport/tavola-da-surf-lost-speed-demon-ii-6-1-roma-608871494.htm ---
2025-09-09 15:20:21 - INFO -   > Scraped Data for Ad:
2025-09-09 15:20:21 - INFO -     - model          : Tavola da surf Lost Speed Demon II 6’1’
2025-09-09 15:20:21 - INFO -     - price          : 150.0
2025-09-09 15:20:21 - INFO -     - location       : Roma (RM)
2025-09-09 15:20:21 - INFO -     - link           : https://www.subito.it/sport/tavola-da-surf-lost-speed-demon-ii-6-1-roma-608871494.htm
2025-09-09 15:20:21 - INFO -     - brand          : Lost
2025-09-09 15:20:21 - INFO -     - length_ft      : 6
2025-09-09 15:20:21 - INFO -     - length_in      : 1
2025-09-09 15:20:21 - INFO -     - width_in       : None
2025-09-09 15:20:21 - INFO -     - thickness_in   : None
2025-09-09 15:20:21 - INFO -     - liters         : None
2025-09-09 15:20:22 - INFO - --- Processing NEW ad: https://www.subito.it/sport/tavola-da-surf-funboard-roma-608751057.htm ---
2025-09-09 15:20:22 - INFO -   > Scraped Data for Ad:
2025-09-09 15:20:22 - INFO -     - model          : Tavola da Surf Funboard
2025-09-09 15:20:22 - INFO -     - price          : 200.0
2025-09-09 15:20:22 - INFO -     - location       : Roma (RM)
2025-09-09 15:20:22 - INFO -     - link           : https://www.subito.it/sport/tavola-da-surf-funboard-roma-608751057.htm
2025-09-09 15:20:22 - INFO -     - brand          : None
2025-09-09 15:20:22 - INFO -     - length_ft      : None
2025-09-09 15:20:22 - INFO -     - length_in      : None
2025-09-09 15:20:22 - INFO -     - width_in       : None
2025-09-09 15:20:22 - INFO -     - thickness_in   : None
2025-09-09 15:20:22 - INFO -     - liters         : None
2025-09-09 15:20:24 - INFO - --- Processing NEW ad: https://www.subito.it/sport/tavola-da-surf-polistirolo-alibi-7-0-roma-608389875.htm ---
2025-09-09 15:20:24 - INFO -   > Scraped Data for Ad:
2025-09-09 15:20:24 - INFO -     - model          : Tavola da Surf Polistirolo Alibi 7’0”
2025-09-09 15:20:24 - INFO -     - price          : 180.0
2025-09-09 15:20:24 - INFO -     - location       : Roma (RM)
2025-09-09 15:20:24 - INFO -     - link           : https://www.subito.it/sport/tavola-da-surf-polistirolo-alibi-7-0-roma-608389875.htm
2025-09-09 15:20:24 - INFO -     - brand          : None
2025-09-09 15:20:24 - INFO -     - length_ft      : 7
2025-09-09 15:20:24 - INFO -     - length_in      : 0
2025-09-09 15:20:24 - INFO -     - width_in       : None
2025-09-09 15:20:24 - INFO -     - thickness_in   : None
2025-09-09 15:20:24 - INFO -     - liters         : None
2025-09-09 15:20:26 - INFO - --- Processing NEW ad: https://www.subito.it/bambini-giocattoli/tavola-da-surf-per-bambini-roma-608056544.htm ---
2025-09-09 15:20:26 - INFO -   > Scraped Data for Ad:
2025-09-09 15:20:26 - INFO -     - model          : Tavola da Surf per bambini
2025-09-09 15:20:26 - INFO -     - price          : 15.0
2025-09-09 15:20:26 - INFO -     - location       : Roma (RM)
2025-09-09 15:20:26 - INFO -     - link           : https://www.subito.it/bambini-giocattoli/tavola-da-surf-per-bambini-roma-608056544.htm
2025-09-09 15:20:26 - INFO -     - brand          : None
2025-09-09 15:20:26 - INFO -     - length_ft      : None
2025-09-09 15:20:26 - INFO -     - length_in      : None
2025-09-09 15:20:26 - INFO -     - width_in       : None
2025-09-09 15:20:26 - INFO -     - thickness_in   : None
2025-09-09 15:20:26 - INFO -     - liters         : None
2025-09-09 15:20:29 - INFO - --- Processing NEW ad: https://www.subito.it/sport/fanatic-freewave-te-windsurf-roma-607663329.htm ---
2025-09-09 15:20:30 - INFO -   > Scraped Data for Ad:
2025-09-09 15:20:30 - INFO -     - model          : Fanatic Freewave TE windsurf
2025-09-09 15:20:30 - INFO -     - price          : 350.0
2025-09-09 15:20:30 - INFO -     - location       : Roma (RM)
2025-09-09 15:20:30 - INFO -     - link           : https://www.subito.it/sport/fanatic-freewave-te-windsurf-roma-607663329.htm
2025-09-09 15:20:30 - INFO -     - brand          : Hs
2025-09-09 15:20:30 - INFO -     - length_ft      : None
2025-09-09 15:20:30 - INFO -     - length_in      : None
2025-09-09 15:20:30 - INFO -     - width_in       : None
2025-09-09 15:20:30 - INFO -     - thickness_in   : None
2025-09-09 15:20:30 - INFO -     - liters         : 100.0
2025-09-09 15:20:32 - INFO - --- Processing NEW ad: https://www.subito.it/sport/sup-race-starboard-roma-607662427.htm ---
2025-09-09 15:20:32 - INFO -   > Scraped Data for Ad:
2025-09-09 15:20:32 - INFO -     - model          : Sup Race starboard
2025-09-09 15:20:32 - INFO -     - price          : 350.0
2025-09-09 15:20:32 - INFO -     - location       : Roma (RM)
2025-09-09 15:20:32 - INFO -     - link           : https://www.subito.it/sport/sup-race-starboard-roma-607662427.htm
2025-09-09 15:20:32 - INFO -     - brand          : Bic
2025-09-09 15:20:32 - INFO -     - length_ft      : 10
2025-09-09 15:20:32 - INFO -     - length_in      : 6
2025-09-09 15:20:32 - INFO -     - width_in       : None
2025-09-09 15:20:32 - INFO -     - thickness_in   : None
2025-09-09 15:20:32 - INFO -     - liters         : None
2025-09-09 15:20:33 - INFO - --- Processing NEW ad: https://www.subito.it/sport/tavola-surf-xd2-roma-607655787.htm ---
2025-09-09 15:20:33 - INFO -   > Scraped Data for Ad:
2025-09-09 15:20:33 - INFO -     - model          : Tavola surf XD2
2025-09-09 15:20:33 - INFO -     - price          : 160.0
2025-09-09 15:20:33 - INFO -     - location       : Roma (RM)
2025-09-09 15:20:33 - INFO -     - link           : https://www.subito.it/sport/tavola-surf-xd2-roma-607655787.htm
2025-09-09 15:20:33 - INFO -     - brand          : None
2025-09-09 15:20:33 - INFO -     - length_ft      : 5
2025-09-09 15:20:33 - INFO -     - length_in      : 9
2025-09-09 15:20:33 - INFO -     - width_in       : None
2025-09-09 15:20:33 - INFO -     - thickness_in   : None
2025-09-09 15:20:33 - INFO -     - liters         : 28.1
2025-09-09 15:20:35 - INFO - --- Processing NEW ad: https://www.subito.it/sport/tavola-wind-surf-con-deriva-roma-607297054.htm ---
2025-09-09 15:20:35 - INFO -   > Scraped Data for Ad:
2025-09-09 15:20:35 - INFO -     - model          : tavola Wind surf con deriva
2025-09-09 15:20:35 - INFO -     - price          : 240.0
2025-09-09 15:20:35 - INFO -     - location       : Roma (RM)
2025-09-09 15:20:35 - INFO -     - link           : https://www.subito.it/sport/tavola-wind-surf-con-deriva-roma-607297054.htm
2025-09-09 15:20:35 - INFO -     - brand          : None
2025-09-09 15:20:35 - INFO -     - length_ft      : None
2025-09-09 15:20:35 - INFO -     - length_in      : None
2025-09-09 15:20:35 - INFO -     - width_in       : None
2025-09-09 15:20:35 - INFO -     - thickness_in   : None
2025-09-09 15:20:35 - INFO -     - liters         : None
2025-09-09 15:20:37 - INFO - --- Processing NEW ad: https://www.subito.it/sport/tavola-surf-kite-north-rocket-fish-roma-606821937.htm ---
2025-09-09 15:20:37 - INFO -   > Scraped Data for Ad:
2025-09-09 15:20:37 - INFO -     - model          : Tavola surf kite North rocket fish
2025-09-09 15:20:37 - INFO -     - price          : 100.0
2025-09-09 15:20:37 - INFO -     - location       : Roma (RM)
2025-09-09 15:20:37 - INFO -     - link           : https://www.subito.it/sport/tavola-surf-kite-north-rocket-fish-roma-606821937.htm
2025-09-09 15:20:37 - INFO -     - brand          : None
2025-09-09 15:20:37 - INFO -     - length_ft      : None
2025-09-09 15:20:37 - INFO -     - length_in      : None
2025-09-09 15:20:37 - INFO -     - width_in       : None
2025-09-09 15:20:37 - INFO -     - thickness_in   : None
2025-09-09 15:20:37 - INFO -     - liters         : None
2025-09-09 15:20:39 - INFO - --- Processing NEW ad: https://www.subito.it/sport/tavola-surf-al-merrick-fred-stubblle-5-7-roma-605518633.htm ---
2025-09-09 15:20:39 - INFO -   > Scraped Data for Ad:
2025-09-09 15:20:39 - INFO -     - model          : Tavola Surf AL MERRICK Fred Stubblle 5,7
2025-09-09 15:20:39 - INFO -     - price          : 210.0
2025-09-09 15:20:39 - INFO -     - location       : Roma (RM)
2025-09-09 15:20:39 - INFO -     - link           : https://www.subito.it/sport/tavola-surf-al-merrick-fred-stubblle-5-7-roma-605518633.htm
2025-09-09 15:20:39 - INFO -     - brand          : Al Merrick
2025-09-09 15:20:39 - INFO -     - length_ft      : 5
2025-09-09 15:20:39 - INFO -     - length_in      : 7
2025-09-09 15:20:39 - INFO -     - width_in       : None
2025-09-09 15:20:39 - INFO -     - thickness_in   : None
2025-09-09 15:20:39 - INFO -     - liters         : 26.6
2025-09-09 15:20:41 - INFO - --- Processing NEW ad: https://www.subito.it/abbigliamento-accessori/costume-rrd-roma-604790366.htm ---
2025-09-09 15:20:41 - INFO -   > Scraped Data for Ad:
2025-09-09 15:20:41 - INFO -     - model          : costume RRD
2025-09-09 15:20:41 - INFO -     - price          : 19.0
2025-09-09 15:20:41 - INFO -     - location       : Roma (RM)
2025-09-09 15:20:41 - INFO -     - link           : https://www.subito.it/abbigliamento-accessori/costume-rrd-roma-604790366.htm
2025-09-09 15:20:41 - INFO -     - brand          : None
2025-09-09 15:20:41 - INFO -     - length_ft      : None
2025-09-09 15:20:41 - INFO -     - length_in      : None
2025-09-09 15:20:41 - INFO -     - width_in       : None
2025-09-09 15:20:41 - INFO -     - thickness_in   : None
2025-09-09 15:20:41 - INFO -     - liters         : None
2025-09-09 15:20:47 - INFO - Scraping search results from: https://www.subito.it/annunci-lazio/vendita/usato/roma/roma/?q=tavola+da+surf&o=3
2025-09-09 15:20:47 - INFO - Found 31 potential ad containers on page 3.
2025-09-09 15:20:47 - INFO - --- Processing NEW ad: https://www.subito.it/sport/sacca-surf-wing-foil-roma-553233171.htm ---
2025-09-09 15:20:48 - INFO -   > Scraped Data for Ad:
2025-09-09 15:20:48 - INFO -     - model          : Sacca surf wing foil
2025-09-09 15:20:48 - INFO -     - price          : 100.0
2025-09-09 15:20:48 - INFO -     - location       : Roma (RM)
2025-09-09 15:20:48 - INFO -     - link           : https://www.subito.it/sport/sacca-surf-wing-foil-roma-553233171.htm
2025-09-09 15:20:48 - INFO -     - brand          : None
2025-09-09 15:20:48 - INFO -     - length_ft      : 5
2025-09-09 15:20:48 - INFO -     - length_in      : 3
2025-09-09 15:20:48 - INFO -     - width_in       : None
2025-09-09 15:20:48 - INFO -     - thickness_in   : None
2025-09-09 15:20:48 - INFO -     - liters         : None
2025-09-09 15:20:50 - INFO - --- Processing NEW ad: https://www.subito.it/sport/surf-red-s-bali-6-6-roma-602313135.htm ---
2025-09-09 15:20:50 - INFO -   > Scraped Data for Ad:
2025-09-09 15:20:50 - INFO -     - model          : Surf  Red’s Bali 6’6
2025-09-09 15:20:50 - INFO -     - price          : 250.0
2025-09-09 15:20:50 - INFO -     - location       : Roma (RM)
2025-09-09 15:20:50 - INFO -     - link           : https://www.subito.it/sport/surf-red-s-bali-6-6-roma-602313135.htm
2025-09-09 15:20:50 - INFO -     - brand          : None
2025-09-09 15:20:50 - INFO -     - length_ft      : 6
2025-09-09 15:20:50 - INFO -     - length_in      : 6
2025-09-09 15:20:50 - INFO -     - width_in       : 21.75
2025-09-09 15:20:50 - INFO -     - thickness_in   : 2.875
2025-09-09 15:20:50 - INFO -     - liters         : None
2025-09-09 15:20:53 - INFO - --- Processing NEW ad: https://www.subito.it/sport/longboard-bic-10-roma-602278996.htm ---
2025-09-09 15:20:53 - INFO -   > Scraped Data for Ad:
2025-09-09 15:20:53 - INFO -     - model          : LONGBOARD BIC 10'
2025-09-09 15:20:53 - INFO -     - price          : 550.0
2025-09-09 15:20:53 - INFO -     - location       : Roma (RM)
2025-09-09 15:20:53 - INFO -     - link           : https://www.subito.it/sport/longboard-bic-10-roma-602278996.htm
2025-09-09 15:20:53 - INFO -     - brand          : Bic
2025-09-09 15:20:53 - INFO -     - length_ft      : None
2025-09-09 15:20:53 - INFO -     - length_in      : None
2025-09-09 15:20:53 - INFO -     - width_in       : None
2025-09-09 15:20:53 - INFO -     - thickness_in   : None
2025-09-09 15:20:53 - INFO -     - liters         : None
2025-09-09 15:20:55 - INFO - --- Processing NEW ad: https://www.subito.it/sport/tavola-da-surf-lost-pocket-rocket-pinne-fcs-2-roma-601964706.htm ---
2025-09-09 15:20:55 - INFO -   > Scraped Data for Ad:
2025-09-09 15:20:55 - INFO -     - model          : Tavola da surf lost pocket rocket + pinne fcs 2
2025-09-09 15:20:55 - INFO -     - price          : 220.0
2025-09-09 15:20:55 - INFO -     - location       : Roma (RM)
2025-09-09 15:20:55 - INFO -     - link           : https://www.subito.it/sport/tavola-da-surf-lost-pocket-rocket-pinne-fcs-2-roma-601964706.htm
2025-09-09 15:20:55 - INFO -     - brand          : Lost
2025-09-09 15:20:55 - INFO -     - length_ft      : None
2025-09-09 15:20:55 - INFO -     - length_in      : None
2025-09-09 15:20:55 - INFO -     - width_in       : None
2025-09-09 15:20:55 - INFO -     - thickness_in   : None
2025-09-09 15:20:55 - INFO -     - liters         : 25.65
2025-09-09 15:20:57 - INFO - --- Processing NEW ad: https://www.subito.it/sport/tomo-lft-kelly-slater-design-sci-fi-5-9-roma-601504066.htm ---
2025-09-09 15:20:57 - INFO -   > Scraped Data for Ad:
2025-09-09 15:20:57 - INFO -     - model          : Tomo+ Lft  kelly slater design SCI-Fi 5.9
2025-09-09 15:20:57 - INFO -     - price          : 600.0
2025-09-09 15:20:57 - INFO -     - location       : Roma (RM)
2025-09-09 15:20:57 - INFO -     - link           : https://www.subito.it/sport/tomo-lft-kelly-slater-design-sci-fi-5-9-roma-601504066.htm
2025-09-09 15:20:57 - INFO -     - brand          : None
2025-09-09 15:20:57 - INFO -     - length_ft      : 5
2025-09-09 15:20:57 - INFO -     - length_in      : 9
2025-09-09 15:20:57 - INFO -     - width_in       : None
2025-09-09 15:20:57 - INFO -     - thickness_in   : None
2025-09-09 15:20:57 - INFO -     - liters         : None
2025-09-09 15:21:00 - INFO - --- Processing NEW ad: https://www.subito.it/sport/surf-da-onda-roma-436158238.htm ---
2025-09-09 15:21:00 - INFO -   > Scraped Data for Ad:
2025-09-09 15:21:00 - INFO -     - model          : Surf da onda
2025-09-09 15:21:00 - INFO -     - price          : 400.0
2025-09-09 15:21:00 - INFO -     - location       : Roma (RM)
2025-09-09 15:21:00 - INFO -     - link           : https://www.subito.it/sport/surf-da-onda-roma-436158238.htm
2025-09-09 15:21:00 - INFO -     - brand          : None
2025-09-09 15:21:00 - INFO -     - length_ft      : 5
2025-09-09 15:21:00 - INFO -     - length_in      : 11
2025-09-09 15:21:00 - INFO -     - width_in       : 20.625
2025-09-09 15:21:00 - INFO -     - thickness_in   : 2.625
2025-09-09 15:21:00 - INFO -     - liters         : 8.0
2025-09-09 15:21:03 - INFO - --- Processing NEW ad: https://www.subito.it/sport/tavola-da-surf-mc-neil-roma-549562259.htm ---
2025-09-09 15:21:03 - INFO -   > Scraped Data for Ad:
2025-09-09 15:21:03 - INFO -     - model          : Tavola da surf mc neil
2025-09-09 15:21:03 - INFO -     - price          : 500.0
2025-09-09 15:21:03 - INFO -     - location       : Roma (RM)
2025-09-09 15:21:03 - INFO -     - link           : https://www.subito.it/sport/tavola-da-surf-mc-neil-roma-549562259.htm
2025-09-09 15:21:03 - INFO -     - brand          : None
2025-09-09 15:21:03 - INFO -     - length_ft      : 6
2025-09-09 15:21:03 - INFO -     - length_in      : 0
2025-09-09 15:21:03 - INFO -     - width_in       : 20.75
2025-09-09 15:21:03 - INFO -     - thickness_in   : 2.75
2025-09-09 15:21:03 - INFO -     - liters         : 36.0
2025-09-09 15:21:04 - INFO - --- Processing NEW ad: https://www.subito.it/sport/tavola-da-surf-duppies-roma-600194666.htm ---
2025-09-09 15:21:05 - INFO -   > Scraped Data for Ad:
2025-09-09 15:21:05 - INFO -     - model          : Tavola da surf duppies
2025-09-09 15:21:05 - INFO -     - price          : 180.0
2025-09-09 15:21:05 - INFO -     - location       : Roma (RM)
2025-09-09 15:21:05 - INFO -     - link           : https://www.subito.it/sport/tavola-da-surf-duppies-roma-600194666.htm
2025-09-09 15:21:05 - INFO -     - brand          : None
2025-09-09 15:21:05 - INFO -     - length_ft      : None
2025-09-09 15:21:05 - INFO -     - length_in      : None
2025-09-09 15:21:05 - INFO -     - width_in       : None
2025-09-09 15:21:05 - INFO -     - thickness_in   : None
2025-09-09 15:21:05 - INFO -     - liters         : None
2025-09-09 15:21:07 - INFO - --- Processing NEW ad: https://www.subito.it/sport/tavola-da-surf-leggerissima-roma-549889182.htm ---
2025-09-09 15:21:08 - INFO -   > Scraped Data for Ad:
2025-09-09 15:21:08 - INFO -     - model          : TAVOLA DA SURF LEGGERISSIMA
2025-09-09 15:21:08 - INFO -     - price          : 80.0
2025-09-09 15:21:08 - INFO -     - location       : Roma (RM)
2025-09-09 15:21:08 - INFO -     - link           : https://www.subito.it/sport/tavola-da-surf-leggerissima-roma-549889182.htm
2025-09-09 15:21:08 - INFO -     - brand          : None
2025-09-09 15:21:08 - INFO -     - length_ft      : None
2025-09-09 15:21:08 - INFO -     - length_in      : None
2025-09-09 15:21:08 - INFO -     - width_in       : None
2025-09-09 15:21:08 - INFO -     - thickness_in   : None
2025-09-09 15:21:08 - INFO -     - liters         : None
2025-09-09 15:21:09 - INFO - --- Processing NEW ad: https://www.subito.it/sport/tavola-surf-epoxy-perfetta-roma-599332774.htm ---
2025-09-09 15:21:09 - INFO -   > Scraped Data for Ad:
2025-09-09 15:21:09 - INFO -     - model          : Tavola Surf epoxy perfetta
2025-09-09 15:21:09 - INFO -     - price          : 400.0
2025-09-09 15:21:09 - INFO -     - location       : Roma (RM)
2025-09-09 15:21:09 - INFO -     - link           : https://www.subito.it/sport/tavola-surf-epoxy-perfetta-roma-599332774.htm
2025-09-09 15:21:09 - INFO -     - brand          : Torq
2025-09-09 15:21:09 - INFO -     - length_ft      : 5
2025-09-09 15:21:09 - INFO -     - length_in      : 8
2025-09-09 15:21:09 - INFO -     - width_in       : 19.875
2025-09-09 15:21:09 - INFO -     - thickness_in   : 2.25
2025-09-09 15:21:09 - INFO -     - liters         : 28.8
2025-09-09 15:21:12 - INFO - --- Processing NEW ad: https://www.subito.it/sport/tavola-da-surf-quicksilver-roma-595463989.htm ---
2025-09-09 15:21:12 - INFO -   > Scraped Data for Ad:
2025-09-09 15:21:12 - INFO -     - model          : Tavola da surf quicksilver
2025-09-09 15:21:12 - INFO -     - price          : 200.0
2025-09-09 15:21:12 - INFO -     - location       : Roma (RM)
2025-09-09 15:21:12 - INFO -     - link           : https://www.subito.it/sport/tavola-da-surf-quicksilver-roma-595463989.htm
2025-09-09 15:21:12 - INFO -     - brand          : None
2025-09-09 15:21:12 - INFO -     - length_ft      : None
2025-09-09 15:21:12 - INFO -     - length_in      : None
2025-09-09 15:21:12 - INFO -     - width_in       : None
2025-09-09 15:21:12 - INFO -     - thickness_in   : None
2025-09-09 15:21:12 - INFO -     - liters         : 23.0
2025-09-09 15:21:13 - INFO - --- Processing NEW ad: https://www.subito.it/sport/tavola-da-surf-6-0-roma-599096452.htm ---
2025-09-09 15:21:13 - INFO -   > Scraped Data for Ad:
2025-09-09 15:21:13 - INFO -     - model          : Tavola da surf 6.0
2025-09-09 15:21:13 - INFO -     - price          : 350.0
2025-09-09 15:21:13 - INFO -     - location       : Roma (RM)
2025-09-09 15:21:13 - INFO -     - link           : https://www.subito.it/sport/tavola-da-surf-6-0-roma-599096452.htm
2025-09-09 15:21:13 - INFO -     - brand          : None
2025-09-09 15:21:13 - INFO -     - length_ft      : 6
2025-09-09 15:21:13 - INFO -     - length_in      : 0
2025-09-09 15:21:13 - INFO -     - width_in       : None
2025-09-09 15:21:13 - INFO -     - thickness_in   : None
2025-09-09 15:21:13 - INFO -     - liters         : None
2025-09-09 15:21:16 - INFO - --- Processing NEW ad: https://www.subito.it/sport/tavola-da-surf-rt-5-11-roma-598073117.htm ---
2025-09-09 15:21:16 - INFO -   > Scraped Data for Ad:
2025-09-09 15:21:16 - INFO -     - model          : Tavola da surf RT 5.11
2025-09-09 15:21:16 - INFO -     - price          : 350.0
2025-09-09 15:21:16 - INFO -     - location       : Roma (RM)
2025-09-09 15:21:16 - INFO -     - link           : https://www.subito.it/sport/tavola-da-surf-rt-5-11-roma-598073117.htm
2025-09-09 15:21:16 - INFO -     - brand          : None
2025-09-09 15:21:16 - INFO -     - length_ft      : 5
2025-09-09 15:21:16 - INFO -     - length_in      : 11
2025-09-09 15:21:16 - INFO -     - width_in       : None
2025-09-09 15:21:16 - INFO -     - thickness_in   : None
2025-09-09 15:21:16 - INFO -     - liters         : None
2025-09-09 15:21:18 - INFO - --- Processing NEW ad: https://www.subito.it/sport/tavola-surf-5-6-ocean-earth-roma-597385960.htm ---
2025-09-09 15:21:19 - INFO -   > Scraped Data for Ad:
2025-09-09 15:21:19 - INFO -     - model          : Tavola Surf 5.6 Ocean & Earth
2025-09-09 15:21:19 - INFO -     - price          : 239.0
2025-09-09 15:21:19 - INFO -     - location       : Roma (RM)
2025-09-09 15:21:19 - INFO -     - link           : https://www.subito.it/sport/tavola-surf-5-6-ocean-earth-roma-597385960.htm
2025-09-09 15:21:19 - INFO -     - brand          : None
2025-09-09 15:21:19 - INFO -     - length_ft      : 5
2025-09-09 15:21:19 - INFO -     - length_in      : 6
2025-09-09 15:21:19 - INFO -     - width_in       : None
2025-09-09 15:21:19 - INFO -     - thickness_in   : None
2025-09-09 15:21:19 - INFO -     - liters         : None
2025-09-09 15:21:20 - INFO - --- Processing NEW ad: https://www.subito.it/sport/tavola-foil-kt-carbon-hawaii-4-10-roma-596856723.htm ---
2025-09-09 15:21:20 - INFO -   > Scraped Data for Ad:
2025-09-09 15:21:20 - INFO -     - model          : Tavola foil KT carbon Hawaii 4’10”
2025-09-09 15:21:20 - INFO -     - price          : 590.0
2025-09-09 15:21:20 - INFO -     - location       : Roma (RM)
2025-09-09 15:21:20 - INFO -     - link           : https://www.subito.it/sport/tavola-foil-kt-carbon-hawaii-4-10-roma-596856723.htm
2025-09-09 15:21:20 - INFO -     - brand          : None
2025-09-09 15:21:20 - INFO -     - length_ft      : 4
2025-09-09 15:21:20 - INFO -     - length_in      : 10
2025-09-09 15:21:20 - INFO -     - width_in       : None
2025-09-09 15:21:20 - INFO -     - thickness_in   : None
2025-09-09 15:21:20 - INFO -     - liters         : 32.0
2025-09-09 15:21:22 - INFO - --- Processing NEW ad: https://www.subito.it/sport/tavola-da-surf-wind-surf-roma-596576323.htm ---
2025-09-09 15:21:23 - INFO -   > Scraped Data for Ad:
2025-09-09 15:21:23 - INFO -     - model          : Tavola da Surf/Wind Surf
2025-09-09 15:21:23 - INFO -     - price          : 150.0
2025-09-09 15:21:23 - INFO -     - location       : Roma (RM)
2025-09-09 15:21:23 - INFO -     - link           : https://www.subito.it/sport/tavola-da-surf-wind-surf-roma-596576323.htm
2025-09-09 15:21:23 - INFO -     - brand          : None
2025-09-09 15:21:23 - INFO -     - length_ft      : None
2025-09-09 15:21:23 - INFO -     - length_in      : None
2025-09-09 15:21:23 - INFO -     - width_in       : None
2025-09-09 15:21:23 - INFO -     - thickness_in   : None
2025-09-09 15:21:23 - INFO -     - liters         : None
2025-09-09 15:21:24 - INFO - --- Processing NEW ad: https://www.subito.it/sport/tavola-sa-surf-futura-roma-596575984.htm ---
2025-09-09 15:21:24 - INFO -   > Scraped Data for Ad:
2025-09-09 15:21:24 - INFO -     - model          : Tavola sa Surf Futura
2025-09-09 15:21:24 - INFO -     - price          : 200.0
2025-09-09 15:21:24 - INFO -     - location       : Roma (RM)
2025-09-09 15:21:24 - INFO -     - link           : https://www.subito.it/sport/tavola-sa-surf-futura-roma-596575984.htm
2025-09-09 15:21:24 - INFO -     - brand          : None
2025-09-09 15:21:24 - INFO -     - length_ft      : None
2025-09-09 15:21:24 - INFO -     - length_in      : None
2025-09-09 15:21:24 - INFO -     - width_in       : None
2025-09-09 15:21:24 - INFO -     - thickness_in   : None
2025-09-09 15:21:24 - INFO -     - liters         : None
2025-09-09 15:21:27 - INFO - --- Processing NEW ad: https://www.subito.it/sport/tavola-surf-roma-596443920.htm ---
2025-09-09 15:21:27 - INFO -   > Scraped Data for Ad:
2025-09-09 15:21:27 - INFO -     - model          : tavola surf
2025-09-09 15:21:27 - INFO -     - price          : 200.0
2025-09-09 15:21:27 - INFO -     - location       : Roma (RM)
2025-09-09 15:21:27 - INFO -     - link           : https://www.subito.it/sport/tavola-surf-roma-596443920.htm
2025-09-09 15:21:27 - INFO -     - brand          : None
2025-09-09 15:21:27 - INFO -     - length_ft      : None
2025-09-09 15:21:27 - INFO -     - length_in      : None
2025-09-09 15:21:27 - INFO -     - width_in       : None
2025-09-09 15:21:27 - INFO -     - thickness_in   : None
2025-09-09 15:21:27 - INFO -     - liters         : None
2025-09-09 15:21:29 - INFO - --- Processing NEW ad: https://www.subito.it/sport/tavola-da-surf-6-2-roma-596441655.htm ---
2025-09-09 15:21:29 - INFO -   > Scraped Data for Ad:
2025-09-09 15:21:29 - INFO -     - model          : Tavola da surf 6.2
2025-09-09 15:21:29 - INFO -     - price          : 375.0
2025-09-09 15:21:29 - INFO -     - location       : Roma (RM)
2025-09-09 15:21:29 - INFO -     - link           : https://www.subito.it/sport/tavola-da-surf-6-2-roma-596441655.htm
2025-09-09 15:21:29 - INFO -     - brand          : None
2025-09-09 15:21:29 - INFO -     - length_ft      : 6
2025-09-09 15:21:29 - INFO -     - length_in      : 2
2025-09-09 15:21:29 - INFO -     - width_in       : None
2025-09-09 15:21:29 - INFO -     - thickness_in   : None
2025-09-09 15:21:29 - INFO -     - liters         : 39.7
2025-09-09 15:21:31 - INFO - --- Processing NEW ad: https://www.subito.it/sport/tavola-surf-6-7-roma-596110459.htm ---
2025-09-09 15:21:32 - INFO -   > Scraped Data for Ad:
2025-09-09 15:21:32 - INFO -     - model          : tavola surf 6/7
2025-09-09 15:21:32 - INFO -     - price          : 115.0
2025-09-09 15:21:32 - INFO -     - location       : Roma (RM)
2025-09-09 15:21:32 - INFO -     - link           : https://www.subito.it/sport/tavola-surf-6-7-roma-596110459.htm
2025-09-09 15:21:32 - INFO -     - brand          : None
2025-09-09 15:21:32 - INFO -     - length_ft      : None
2025-09-09 15:21:32 - INFO -     - length_in      : None
2025-09-09 15:21:32 - INFO -     - width_in       : None
2025-09-09 15:21:32 - INFO -     - thickness_in   : None
2025-09-09 15:21:32 - INFO -     - liters         : None
2025-09-09 15:21:33 - INFO - --- Processing NEW ad: https://www.subito.it/sport/tavola-da-surf-tomo-sci-fi-2-0-roma-595579128.htm ---
2025-09-09 15:21:34 - INFO -   > Scraped Data for Ad:
2025-09-09 15:21:34 - INFO -     - model          : Tavola da surf TOMO SCI-FI 2.0
2025-09-09 15:21:34 - INFO -     - price          : 490.0
2025-09-09 15:21:34 - INFO -     - location       : Roma (RM)
2025-09-09 15:21:34 - INFO -     - link           : https://www.subito.it/sport/tavola-da-surf-tomo-sci-fi-2-0-roma-595579128.htm
2025-09-09 15:21:34 - INFO -     - brand          : None
2025-09-09 15:21:34 - INFO -     - length_ft      : None
2025-09-09 15:21:34 - INFO -     - length_in      : None
2025-09-09 15:21:34 - INFO -     - width_in       : None
2025-09-09 15:21:34 - INFO -     - thickness_in   : None
2025-09-09 15:21:34 - INFO -     - liters         : None
2025-09-09 15:21:35 - INFO - --- Processing NEW ad: https://www.subito.it/sport/all-merrick-fever-tavola-da-surf-roma-595316110.htm ---
2025-09-09 15:21:35 - INFO -   > Scraped Data for Ad:
2025-09-09 15:21:35 - INFO -     - model          : All merrick fever tavola da surf
2025-09-09 15:21:35 - INFO -     - price          : 130.0
2025-09-09 15:21:35 - INFO -     - location       : Roma (RM)
2025-09-09 15:21:35 - INFO -     - link           : https://www.subito.it/sport/all-merrick-fever-tavola-da-surf-roma-595316110.htm
2025-09-09 15:21:35 - INFO -     - brand          : None
2025-09-09 15:21:35 - INFO -     - length_ft      : 5
2025-09-09 15:21:35 - INFO -     - length_in      : 9
2025-09-09 15:21:35 - INFO -     - width_in       : None
2025-09-09 15:21:35 - INFO -     - thickness_in   : None
2025-09-09 15:21:35 - INFO -     - liters         : 26.9
2025-09-09 15:21:38 - INFO - --- Processing NEW ad: https://www.subito.it/sport/rip-curl-calzari-surf-e-bomb-3mm-split-toe-roma-594827276.htm ---
2025-09-09 15:21:38 - INFO -   > Scraped Data for Ad:
2025-09-09 15:21:38 - INFO -     - model          : Rip Curl calzari surf  E-bomb 3mm Split Toe
2025-09-09 15:21:38 - INFO -     - price          : 49.0
2025-09-09 15:21:38 - INFO -     - location       : Roma (RM)
2025-09-09 15:21:38 - INFO -     - link           : https://www.subito.it/sport/rip-curl-calzari-surf-e-bomb-3mm-split-toe-roma-594827276.htm
2025-09-09 15:21:38 - INFO -     - brand          : None
2025-09-09 15:21:38 - INFO -     - length_ft      : None
2025-09-09 15:21:38 - INFO -     - length_in      : None
2025-09-09 15:21:38 - INFO -     - width_in       : None
2025-09-09 15:21:38 - INFO -     - thickness_in   : None
2025-09-09 15:21:38 - INFO -     - liters         : None
2025-09-09 15:21:40 - INFO - --- Processing NEW ad: https://www.subito.it/libri-riviste/azzurra-laura-cristini-roma-541416805.htm ---
2025-09-09 15:21:40 - INFO -   > Scraped Data for Ad:
2025-09-09 15:21:40 - INFO -     - model          : Azzurra - Laura Cristini
2025-09-09 15:21:40 - INFO -     - price          : 20.0
2025-09-09 15:21:40 - INFO -     - location       : Roma (RM)
2025-09-09 15:21:40 - INFO -     - link           : https://www.subito.it/libri-riviste/azzurra-laura-cristini-roma-541416805.htm
2025-09-09 15:21:40 - INFO -     - brand          : None
2025-09-09 15:21:40 - INFO -     - length_ft      : None
2025-09-09 15:21:40 - INFO -     - length_in      : None
2025-09-09 15:21:40 - INFO -     - width_in       : None
2025-09-09 15:21:40 - INFO -     - thickness_in   : None
2025-09-09 15:21:40 - INFO -     - liters         : None
2025-09-09 15:21:42 - INFO - --- Processing NEW ad: https://www.subito.it/sport/tavola-da-surf-minimalibu-7-2-7-3-roma-482305870.htm ---
2025-09-09 15:21:42 - INFO -   > Scraped Data for Ad:
2025-09-09 15:21:42 - INFO -     - model          : Tavola da surf minimalibu 7.2, 7.3
2025-09-09 15:21:42 - INFO -     - price          : 250.0
2025-09-09 15:21:42 - INFO -     - location       : Roma (RM)
2025-09-09 15:21:42 - INFO -     - link           : https://www.subito.it/sport/tavola-da-surf-minimalibu-7-2-7-3-roma-482305870.htm
2025-09-09 15:21:42 - INFO -     - brand          : None
2025-09-09 15:21:42 - INFO -     - length_ft      : 7
2025-09-09 15:21:42 - INFO -     - length_in      : 2
2025-09-09 15:21:42 - INFO -     - width_in       : None
2025-09-09 15:21:42 - INFO -     - thickness_in   : None
2025-09-09 15:21:42 - INFO -     - liters         : None
2025-09-09 15:21:48 - INFO - Scraping search results from: https://www.subito.it/annunci-lazio/vendita/usato/roma/roma/?q=tavola+da+surf&o=4
2025-09-09 15:21:48 - INFO - Found 31 potential ad containers on page 4.
2025-09-09 15:21:48 - INFO - --- Processing NEW ad: https://www.subito.it/sport/sacca-surf-channel-island-7-6-roma-593944593.htm ---
2025-09-09 15:21:49 - INFO -   > Scraped Data for Ad:
2025-09-09 15:21:49 - INFO -     - model          : Sacca surf Channel Island 7.6”
2025-09-09 15:21:49 - INFO -     - price          : 300.0
2025-09-09 15:21:49 - INFO -     - location       : Roma (RM)
2025-09-09 15:21:49 - INFO -     - link           : https://www.subito.it/sport/sacca-surf-channel-island-7-6-roma-593944593.htm
2025-09-09 15:21:49 - INFO -     - brand          : None
2025-09-09 15:21:49 - INFO -     - length_ft      : 7
2025-09-09 15:21:49 - INFO -     - length_in      : 6
2025-09-09 15:21:49 - INFO -     - width_in       : None
2025-09-09 15:21:49 - INFO -     - thickness_in   : None
2025-09-09 15:21:49 - INFO -     - liters         : None
2025-09-09 15:21:52 - INFO - --- Processing NEW ad: https://www.subito.it/sport/tavola-da-surf-mckee-mod-moonshine-bamboo-5-10-roma-540328936.htm ---
2025-09-09 15:21:52 - INFO -   > Scraped Data for Ad:
2025-09-09 15:21:52 - INFO -     - model          : Tavola da surf McKee mod. Moonshine Bamboo 5'10"
2025-09-09 15:21:52 - INFO -     - price          : 250.0
2025-09-09 15:21:52 - INFO -     - location       : Roma (RM)
2025-09-09 15:21:52 - INFO -     - link           : https://www.subito.it/sport/tavola-da-surf-mckee-mod-moonshine-bamboo-5-10-roma-540328936.htm
2025-09-09 15:21:52 - INFO -     - brand          : None
2025-09-09 15:21:52 - INFO -     - length_ft      : 5
2025-09-09 15:21:52 - INFO -     - length_in      : 10
2025-09-09 15:21:52 - INFO -     - width_in       : None
2025-09-09 15:21:52 - INFO -     - thickness_in   : None
2025-09-09 15:21:52 - INFO -     - liters         : 32.4
2025-09-09 15:21:53 - INFO - --- Processing NEW ad: https://www.subito.it/sport/portapacchi-per-surf-kayak-e-tavole-da-paddle-roma-592745184.htm ---
2025-09-09 15:21:54 - INFO -   > Scraped Data for Ad:
2025-09-09 15:21:54 - INFO -     - model          : Portapacchi  per surf kayak e tavole da paddle
2025-09-09 15:21:54 - INFO -     - price          : 30.0
2025-09-09 15:21:54 - INFO -     - location       : Roma (RM)
2025-09-09 15:21:54 - INFO -     - link           : https://www.subito.it/sport/portapacchi-per-surf-kayak-e-tavole-da-paddle-roma-592745184.htm
2025-09-09 15:21:54 - INFO -     - brand          : None
2025-09-09 15:21:54 - INFO -     - length_ft      : None
2025-09-09 15:21:54 - INFO -     - length_in      : None
2025-09-09 15:21:54 - INFO -     - width_in       : None
2025-09-09 15:21:54 - INFO -     - thickness_in   : None
2025-09-09 15:21:54 - INFO -     - liters         : None
2025-09-09 15:21:55 - INFO - --- Processing NEW ad: https://www.subito.it/sport/pinne-surf-fcs1-roma-591321543.htm ---
2025-09-09 15:21:55 - INFO -   > Scraped Data for Ad:
2025-09-09 15:21:55 - INFO -     - model          : Pinne surf FCS1
2025-09-09 15:21:55 - INFO -     - price          : 30.0
2025-09-09 15:21:55 - INFO -     - location       : Roma (RM)
2025-09-09 15:21:55 - INFO -     - link           : https://www.subito.it/sport/pinne-surf-fcs1-roma-591321543.htm
2025-09-09 15:21:55 - INFO -     - brand          : None
2025-09-09 15:21:55 - INFO -     - length_ft      : None
2025-09-09 15:21:55 - INFO -     - length_in      : None
2025-09-09 15:21:55 - INFO -     - width_in       : None
2025-09-09 15:21:55 - INFO -     - thickness_in   : None
2025-09-09 15:21:55 - INFO -     - liters         : None
2025-09-09 15:21:57 - INFO - --- Processing NEW ad: https://www.subito.it/sport/tavola-surf-roma-591267602.htm ---
2025-09-09 15:21:57 - INFO -   > Scraped Data for Ad:
2025-09-09 15:21:57 - INFO -     - model          : Tavola surf
2025-09-09 15:21:57 - INFO -     - price          : 150.0
2025-09-09 15:21:57 - INFO -     - location       : Roma (RM)
2025-09-09 15:21:57 - INFO -     - link           : https://www.subito.it/sport/tavola-surf-roma-591267602.htm
2025-09-09 15:21:57 - INFO -     - brand          : None
2025-09-09 15:21:57 - INFO -     - length_ft      : None
2025-09-09 15:21:57 - INFO -     - length_in      : None
2025-09-09 15:21:57 - INFO -     - width_in       : None
2025-09-09 15:21:57 - INFO -     - thickness_in   : None
2025-09-09 15:21:57 - INFO -     - liters         : 55.0
2025-09-09 15:22:00 - INFO - --- Processing NEW ad: https://www.subito.it/sport/surf-gerry-lopez-roma-537433097.htm ---
2025-09-09 15:22:01 - INFO -   > Scraped Data for Ad:
2025-09-09 15:22:01 - INFO -     - model          : Surf Gerry Lopez
2025-09-09 15:22:01 - INFO -     - price          : 450.0
2025-09-09 15:22:01 - INFO -     - location       : Roma (RM)
2025-09-09 15:22:01 - INFO -     - link           : https://www.subito.it/sport/surf-gerry-lopez-roma-537433097.htm
2025-09-09 15:22:01 - INFO -     - brand          : None
2025-09-09 15:22:01 - INFO -     - length_ft      : 6
2025-09-09 15:22:01 - INFO -     - length_in      : 2
2025-09-09 15:22:01 - INFO -     - width_in       : None
2025-09-09 15:22:01 - INFO -     - thickness_in   : None
2025-09-09 15:22:01 - INFO -     - liters         : None
2025-09-09 15:22:03 - INFO - --- Processing NEW ad: https://www.subito.it/sport/tavola-da-surf-x-shortboard-roma-590123213.htm ---
2025-09-09 15:22:03 - INFO -   > Scraped Data for Ad:
2025-09-09 15:22:03 - INFO -     - model          : tavola da surf x shortboard
2025-09-09 15:22:03 - INFO -     - price          : 80.0
2025-09-09 15:22:03 - INFO -     - location       : Roma (RM)
2025-09-09 15:22:03 - INFO -     - link           : https://www.subito.it/sport/tavola-da-surf-x-shortboard-roma-590123213.htm
2025-09-09 15:22:03 - INFO -     - brand          : None
2025-09-09 15:22:03 - INFO -     - length_ft      : None
2025-09-09 15:22:03 - INFO -     - length_in      : None
2025-09-09 15:22:03 - INFO -     - width_in       : None
2025-09-09 15:22:03 - INFO -     - thickness_in   : None
2025-09-09 15:22:03 - INFO -     - liters         : None
2025-09-09 15:22:04 - INFO - --- Processing NEW ad: https://www.subito.it/sport/sci-freeride-salomon-bbr-vshape-8-9-166cm-roma-589103132.htm ---
2025-09-09 15:22:05 - INFO -   > Scraped Data for Ad:
2025-09-09 15:22:05 - INFO -     - model          : Sci Freeride Salomon BBR. VShape 8.9 166cm
2025-09-09 15:22:05 - INFO -     - price          : 200.0
2025-09-09 15:22:05 - INFO -     - location       : Roma (RM)
2025-09-09 15:22:05 - INFO -     - link           : https://www.subito.it/sport/sci-freeride-salomon-bbr-vshape-8-9-166cm-roma-589103132.htm
2025-09-09 15:22:05 - INFO -     - brand          : None
2025-09-09 15:22:05 - INFO -     - length_ft      : 8
2025-09-09 15:22:05 - INFO -     - length_in      : 9
2025-09-09 15:22:05 - INFO -     - width_in       : None
2025-09-09 15:22:05 - INFO -     - thickness_in   : None
2025-09-09 15:22:05 - INFO -     - liters         : None
2025-09-09 15:22:06 - INFO - --- Processing NEW ad: https://www.subito.it/sport/snowkite-ozone-frenzy-14m-access-6m-10m-summit-8m-roma-477021637.htm ---
2025-09-09 15:22:06 - INFO -   > Scraped Data for Ad:
2025-09-09 15:22:06 - INFO -     - model          : SNOWKITE ozone FRENZY 14m ACCESS 6m/10m SUMMIT 8m
2025-09-09 15:22:06 - INFO -     - price          : 290.0
2025-09-09 15:22:06 - INFO -     - location       : Roma (RM)
2025-09-09 15:22:06 - INFO -     - link           : https://www.subito.it/sport/snowkite-ozone-frenzy-14m-access-6m-10m-summit-8m-roma-477021637.htm
2025-09-09 15:22:06 - INFO -     - brand          : None
2025-09-09 15:22:06 - INFO -     - length_ft      : None
2025-09-09 15:22:06 - INFO -     - length_in      : None
2025-09-09 15:22:06 - INFO -     - width_in       : None
2025-09-09 15:22:06 - INFO -     - thickness_in   : None
2025-09-09 15:22:06 - INFO -     - liters         : None
2025-09-09 15:22:09 - INFO - --- Processing NEW ad: https://www.subito.it/sport/tavola-da-surf-roma-588255878.htm ---
2025-09-09 15:22:09 - INFO -   > Scraped Data for Ad:
2025-09-09 15:22:09 - INFO -     - model          : Tavola da surf
2025-09-09 15:22:09 - INFO -     - price          : 200.0
2025-09-09 15:22:09 - INFO -     - location       : Roma (RM)
2025-09-09 15:22:09 - INFO -     - link           : https://www.subito.it/sport/tavola-da-surf-roma-588255878.htm
2025-09-09 15:22:09 - INFO -     - brand          : None
2025-09-09 15:22:09 - INFO -     - length_ft      : None
2025-09-09 15:22:09 - INFO -     - length_in      : None
2025-09-09 15:22:09 - INFO -     - width_in       : None
2025-09-09 15:22:09 - INFO -     - thickness_in   : None
2025-09-09 15:22:09 - INFO -     - liters         : None
2025-09-09 15:22:11 - INFO - --- Processing NEW ad: https://www.subito.it/sport/tavola-da-surf-roma-587499140.htm ---
2025-09-09 15:22:12 - INFO -   > Scraped Data for Ad:
2025-09-09 15:22:12 - INFO -     - model          : Tavola da surf
2025-09-09 15:22:12 - INFO -     - price          : 300.0
2025-09-09 15:22:12 - INFO -     - location       : Roma (RM)
2025-09-09 15:22:12 - INFO -     - link           : https://www.subito.it/sport/tavola-da-surf-roma-587499140.htm
2025-09-09 15:22:12 - INFO -     - brand          : None
2025-09-09 15:22:12 - INFO -     - length_ft      : None
2025-09-09 15:22:12 - INFO -     - length_in      : None
2025-09-09 15:22:12 - INFO -     - width_in       : None
2025-09-09 15:22:12 - INFO -     - thickness_in   : None
2025-09-09 15:22:12 - INFO -     - liters         : None
2025-09-09 15:22:14 - INFO - --- Processing NEW ad: https://www.subito.it/sport/cappuccio-da-surf-rip-curl-flash-bomb-tg-l-roma-585368654.htm ---
2025-09-09 15:22:14 - INFO -   > Scraped Data for Ad:
2025-09-09 15:22:14 - INFO -     - model          : Cappuccio da surf  Rip curl Flash Bomb Tg L
2025-09-09 15:22:14 - INFO -     - price          : 20.0
2025-09-09 15:22:14 - INFO -     - location       : Roma (RM)
2025-09-09 15:22:14 - INFO -     - link           : https://www.subito.it/sport/cappuccio-da-surf-rip-curl-flash-bomb-tg-l-roma-585368654.htm
2025-09-09 15:22:14 - INFO -     - brand          : None
2025-09-09 15:22:14 - INFO -     - length_ft      : None
2025-09-09 15:22:14 - INFO -     - length_in      : None
2025-09-09 15:22:14 - INFO -     - width_in       : None
2025-09-09 15:22:14 - INFO -     - thickness_in   : None
2025-09-09 15:22:14 - INFO -     - liters         : None
2025-09-09 15:22:15 - INFO - --- Processing NEW ad: https://www.subito.it/sport/tavola-da-surf-triboard-roma-585320876.htm ---
2025-09-09 15:22:15 - INFO -   > Scraped Data for Ad:
2025-09-09 15:22:15 - INFO -     - model          : Tavola da surf Triboard
2025-09-09 15:22:15 - INFO -     - price          : 250.0
2025-09-09 15:22:15 - INFO -     - location       : Roma (RM)
2025-09-09 15:22:15 - INFO -     - link           : https://www.subito.it/sport/tavola-da-surf-triboard-roma-585320876.htm
2025-09-09 15:22:15 - INFO -     - brand          : None
2025-09-09 15:22:15 - INFO -     - length_ft      : None
2025-09-09 15:22:15 - INFO -     - length_in      : None
2025-09-09 15:22:15 - INFO -     - width_in       : None
2025-09-09 15:22:15 - INFO -     - thickness_in   : None
2025-09-09 15:22:15 - INFO -     - liters         : None
2025-09-09 15:22:18 - INFO - --- Processing NEW ad: https://www.subito.it/sport/tavola-da-serf-roma-530050022.htm ---
2025-09-09 15:22:18 - INFO -   > Scraped Data for Ad:
2025-09-09 15:22:18 - INFO -     - model          : tavola da serf
2025-09-09 15:22:18 - INFO -     - price          : 40.0
2025-09-09 15:22:18 - INFO -     - location       : Roma (RM)
2025-09-09 15:22:18 - INFO -     - link           : https://www.subito.it/sport/tavola-da-serf-roma-530050022.htm
2025-09-09 15:22:18 - INFO -     - brand          : None
2025-09-09 15:22:18 - INFO -     - length_ft      : None
2025-09-09 15:22:18 - INFO -     - length_in      : None
2025-09-09 15:22:18 - INFO -     - width_in       : None
2025-09-09 15:22:18 - INFO -     - thickness_in   : None
2025-09-09 15:22:18 - INFO -     - liters         : None
2025-09-09 15:22:20 - INFO - --- Processing NEW ad: https://www.subito.it/bambini-giocattoli/lego-10252-creator-maggiolino-volksvagen-vw-roma-529178579.htm ---
2025-09-09 15:22:20 - INFO -   > Scraped Data for Ad:
2025-09-09 15:22:20 - INFO -     - model          : lego 10252 creator Maggiolino Volksvagen VW
2025-09-09 15:22:20 - INFO -     - price          : 180.0
2025-09-09 15:22:20 - INFO -     - location       : Roma (RM)
2025-09-09 15:22:20 - INFO -     - link           : https://www.subito.it/bambini-giocattoli/lego-10252-creator-maggiolino-volksvagen-vw-roma-529178579.htm
2025-09-09 15:22:20 - INFO -     - brand          : None
2025-09-09 15:22:20 - INFO -     - length_ft      : None
2025-09-09 15:22:20 - INFO -     - length_in      : None
2025-09-09 15:22:20 - INFO -     - width_in       : None
2025-09-09 15:22:20 - INFO -     - thickness_in   : None
2025-09-09 15:22:20 - INFO -     - liters         : None
2025-09-09 15:22:23 - INFO - --- Processing NEW ad: https://www.subito.it/sport/tavola-da-surf-bimbi-roma-472001324.htm ---
2025-09-09 15:22:23 - INFO -   > Scraped Data for Ad:
2025-09-09 15:22:23 - INFO -     - model          : Tavola da surf bimbi
2025-09-09 15:22:23 - INFO -     - price          : 10.0
2025-09-09 15:22:23 - INFO -     - location       : Roma (RM)
2025-09-09 15:22:23 - INFO -     - link           : https://www.subito.it/sport/tavola-da-surf-bimbi-roma-472001324.htm
2025-09-09 15:22:23 - INFO -     - brand          : None
2025-09-09 15:22:23 - INFO -     - length_ft      : None
2025-09-09 15:22:23 - INFO -     - length_in      : None
2025-09-09 15:22:23 - INFO -     - width_in       : None
2025-09-09 15:22:23 - INFO -     - thickness_in   : None
2025-09-09 15:22:23 - INFO -     - liters         : None
2025-09-09 15:22:24 - INFO - --- Processing NEW ad: https://www.subito.it/sport/tavola-da-surf-indio-7-0-soft-roma-583094828.htm ---
2025-09-09 15:22:24 - INFO -   > Scraped Data for Ad:
2025-09-09 15:22:24 - INFO -     - model          : Tavola da surf Indio 7.0 soft
2025-09-09 15:22:24 - INFO -     - price          : 160.0
2025-09-09 15:22:24 - INFO -     - location       : Roma (RM)
2025-09-09 15:22:24 - INFO -     - link           : https://www.subito.it/sport/tavola-da-surf-indio-7-0-soft-roma-583094828.htm
2025-09-09 15:22:24 - INFO -     - brand          : None
2025-09-09 15:22:24 - INFO -     - length_ft      : 7
2025-09-09 15:22:24 - INFO -     - length_in      : 0
2025-09-09 15:22:24 - INFO -     - width_in       : None
2025-09-09 15:22:24 - INFO -     - thickness_in   : None
2025-09-09 15:22:24 - INFO -     - liters         : None
2025-09-09 15:22:26 - INFO - --- Processing NEW ad: https://www.subito.it/sport/tavola-da-surf-tahe-egg-7-0-roma-582477933.htm ---
2025-09-09 15:22:27 - INFO -   > Scraped Data for Ad:
2025-09-09 15:22:27 - INFO -     - model          : Tavola da surf Tahe Egg 7.0
2025-09-09 15:22:27 - INFO -     - price          : 200.0
2025-09-09 15:22:27 - INFO -     - location       : Roma (RM)
2025-09-09 15:22:27 - INFO -     - link           : https://www.subito.it/sport/tavola-da-surf-tahe-egg-7-0-roma-582477933.htm
2025-09-09 15:22:27 - INFO -     - brand          : None
2025-09-09 15:22:27 - INFO -     - length_ft      : 7
2025-09-09 15:22:27 - INFO -     - length_in      : 0
2025-09-09 15:22:27 - INFO -     - width_in       : None
2025-09-09 15:22:27 - INFO -     - thickness_in   : None
2025-09-09 15:22:27 - INFO -     - liters         : None
2025-09-09 15:22:29 - INFO - --- Processing NEW ad: https://www.subito.it/sport/tavola-surf-5-10-roma-581847742.htm ---
2025-09-09 15:22:29 - INFO -   > Scraped Data for Ad:
2025-09-09 15:22:29 - INFO -     - model          : Tavola Surf 5’10
2025-09-09 15:22:29 - INFO -     - price          : 100.0
2025-09-09 15:22:29 - INFO -     - location       : Roma (RM)
2025-09-09 15:22:29 - INFO -     - link           : https://www.subito.it/sport/tavola-surf-5-10-roma-581847742.htm
2025-09-09 15:22:29 - INFO -     - brand          : None
2025-09-09 15:22:29 - INFO -     - length_ft      : 5
2025-09-09 15:22:29 - INFO -     - length_in      : 10
2025-09-09 15:22:29 - INFO -     - width_in       : None
2025-09-09 15:22:29 - INFO -     - thickness_in   : None
2025-09-09 15:22:29 - INFO -     - liters         : 23.8
2025-09-09 15:22:31 - INFO - --- Processing NEW ad: https://www.subito.it/sport/longboard-9-4-all-round-roma-581773603.htm ---
2025-09-09 15:22:31 - INFO -   > Scraped Data for Ad:
2025-09-09 15:22:31 - INFO -     - model          : Longboard 9.4 all round
2025-09-09 15:22:31 - INFO -     - price          : 900.0
2025-09-09 15:22:31 - INFO -     - location       : Roma (RM)
2025-09-09 15:22:31 - INFO -     - link           : https://www.subito.it/sport/longboard-9-4-all-round-roma-581773603.htm
2025-09-09 15:22:31 - INFO -     - brand          : None
2025-09-09 15:22:31 - INFO -     - length_ft      : 9
2025-09-09 15:22:31 - INFO -     - length_in      : 4
2025-09-09 15:22:31 - INFO -     - width_in       : None
2025-09-09 15:22:31 - INFO -     - thickness_in   : None
2025-09-09 15:22:31 - INFO -     - liters         : None
2025-09-09 15:22:32 - INFO - --- Processing NEW ad: https://www.subito.it/sport/tavola-da-surf-x-5-8-26-50l-roma-581613417.htm ---
2025-09-09 15:22:33 - INFO -   > Scraped Data for Ad:
2025-09-09 15:22:33 - INFO -     - model          : Tavola da surf  X  - 5’8” ,  26.50L
2025-09-09 15:22:33 - INFO -     - price          : 215.0
2025-09-09 15:22:33 - INFO -     - location       : Roma (RM)
2025-09-09 15:22:33 - INFO -     - link           : https://www.subito.it/sport/tavola-da-surf-x-5-8-26-50l-roma-581613417.htm
2025-09-09 15:22:33 - INFO -     - brand          : None
2025-09-09 15:22:33 - INFO -     - length_ft      : 5
2025-09-09 15:22:33 - INFO -     - length_in      : 8
2025-09-09 15:22:33 - INFO -     - width_in       : 19.0
2025-09-09 15:22:33 - INFO -     - thickness_in   : 26.5
2025-09-09 15:22:33 - INFO -     - liters         : 26.5
2025-09-09 15:22:35 - INFO - --- Processing NEW ad: https://www.subito.it/sport/tavola-surf-longobard-9-piedi-roma-581584933.htm ---
2025-09-09 15:22:35 - INFO -   > Scraped Data for Ad:
2025-09-09 15:22:35 - INFO -     - model          : Tavola surf longobard 9 piedi
2025-09-09 15:22:35 - INFO -     - price          : 760.0
2025-09-09 15:22:35 - INFO -     - location       : Roma (RM)
2025-09-09 15:22:35 - INFO -     - link           : https://www.subito.it/sport/tavola-surf-longobard-9-piedi-roma-581584933.htm
2025-09-09 15:22:35 - INFO -     - brand          : None
2025-09-09 15:22:35 - INFO -     - length_ft      : None
2025-09-09 15:22:35 - INFO -     - length_in      : None
2025-09-09 15:22:35 - INFO -     - width_in       : None
2025-09-09 15:22:35 - INFO -     - thickness_in   : None
2025-09-09 15:22:35 - INFO -     - liters         : None
2025-09-09 15:22:37 - INFO - --- Processing NEW ad: https://www.subito.it/sport/tavola-da-surf-6-1-roma-579287434.htm ---
2025-09-09 15:22:37 - INFO -   > Scraped Data for Ad:
2025-09-09 15:22:37 - INFO -     - model          : Tavola da surf 6.1
2025-09-09 15:22:37 - INFO -     - price          : 150.0
2025-09-09 15:22:37 - INFO -     - location       : Roma (RM)
2025-09-09 15:22:37 - INFO -     - link           : https://www.subito.it/sport/tavola-da-surf-6-1-roma-579287434.htm
2025-09-09 15:22:37 - INFO -     - brand          : None
2025-09-09 15:22:37 - INFO -     - length_ft      : 6
2025-09-09 15:22:37 - INFO -     - length_in      : 1
2025-09-09 15:22:37 - INFO -     - width_in       : None
2025-09-09 15:22:37 - INFO -     - thickness_in   : None
2025-09-09 15:22:37 - INFO -     - liters         : None
2025-09-09 15:22:39 - INFO - --- Processing NEW ad: https://www.subito.it/sport/tavola-da-surf-in-carbonio-6-2-roma-579286919.htm ---
2025-09-09 15:22:39 - INFO -   > Scraped Data for Ad:
2025-09-09 15:22:39 - INFO -     - model          : Tavola da surf in carbonio 6.2
2025-09-09 15:22:39 - INFO -     - price          : 250.0
2025-09-09 15:22:39 - INFO -     - location       : Roma (RM)
2025-09-09 15:22:39 - INFO -     - link           : https://www.subito.it/sport/tavola-da-surf-in-carbonio-6-2-roma-579286919.htm
2025-09-09 15:22:39 - INFO -     - brand          : None
2025-09-09 15:22:39 - INFO -     - length_ft      : 6
2025-09-09 15:22:39 - INFO -     - length_in      : 2
2025-09-09 15:22:39 - INFO -     - width_in       : None
2025-09-09 15:22:39 - INFO -     - thickness_in   : None
2025-09-09 15:22:39 - INFO -     - liters         : None
2025-09-09 15:22:41 - INFO - --- Processing NEW ad: https://www.subito.it/sport/tavola-da-surf-redz-roma-579119519.htm ---
2025-09-09 15:22:42 - INFO -   > Scraped Data for Ad:
2025-09-09 15:22:42 - INFO -     - model          : Tavola da surf Redz
2025-09-09 15:22:42 - INFO -     - price          : 300.0
2025-09-09 15:22:42 - INFO -     - location       : Roma (RM)
2025-09-09 15:22:42 - INFO -     - link           : https://www.subito.it/sport/tavola-da-surf-redz-roma-579119519.htm
2025-09-09 15:22:42 - INFO -     - brand          : None
2025-09-09 15:22:42 - INFO -     - length_ft      : 5
2025-09-09 15:22:42 - INFO -     - length_in      : 8
2025-09-09 15:22:42 - INFO -     - width_in       : 19.0
2025-09-09 15:22:42 - INFO -     - thickness_in   : None
2025-09-09 15:22:42 - INFO -     - liters         : 28.0
2025-09-09 15:22:46 - INFO - Scraping search results from: https://www.subito.it/annunci-lazio/vendita/usato/roma/roma/?q=tavola+da+surf&o=5
2025-09-09 15:22:47 - INFO - Found 23 potential ad containers on page 5.
2025-09-09 15:22:47 - INFO - --- Processing NEW ad: https://www.subito.it/sport/tavola-da-surf-nuova-roma-579023975.htm ---
2025-09-09 15:22:47 - INFO -   > Scraped Data for Ad:
2025-09-09 15:22:47 - INFO -     - model          : tavola da surf nuova
2025-09-09 15:22:47 - INFO -     - price          : 330.0
2025-09-09 15:22:47 - INFO -     - location       : Roma (RM)
2025-09-09 15:22:47 - INFO -     - link           : https://www.subito.it/sport/tavola-da-surf-nuova-roma-579023975.htm
2025-09-09 15:22:47 - INFO -     - brand          : None
2025-09-09 15:22:47 - INFO -     - length_ft      : None
2025-09-09 15:22:47 - INFO -     - length_in      : None
2025-09-09 15:22:47 - INFO -     - width_in       : None
2025-09-09 15:22:47 - INFO -     - thickness_in   : None
2025-09-09 15:22:47 - INFO -     - liters         : None
2025-09-09 15:22:48 - INFO - --- Processing NEW ad: https://www.subito.it/biciclette/bicicletta-sospendila-con-viti-a-gancio-roma-578639854.htm ---
2025-09-09 15:22:48 - INFO -   > Scraped Data for Ad:
2025-09-09 15:22:48 - INFO -     - model          : Bicicletta - sospendila con viti a gancio
2025-09-09 15:22:48 - INFO -     - price          : 15.0
2025-09-09 15:22:48 - INFO -     - location       : Roma (RM)
2025-09-09 15:22:48 - INFO -     - link           : https://www.subito.it/biciclette/bicicletta-sospendila-con-viti-a-gancio-roma-578639854.htm
2025-09-09 15:22:48 - INFO -     - brand          : Bic
2025-09-09 15:22:48 - INFO -     - length_ft      : None
2025-09-09 15:22:48 - INFO -     - length_in      : None
2025-09-09 15:22:48 - INFO -     - width_in       : None
2025-09-09 15:22:48 - INFO -     - thickness_in   : None
2025-09-09 15:22:48 - INFO -     - liters         : None
2025-09-09 15:22:51 - INFO - --- Processing NEW ad: https://www.subito.it/sport/tavola-da-surf-roma-577964849.htm ---
2025-09-09 15:22:51 - INFO -   > Scraped Data for Ad:
2025-09-09 15:22:51 - INFO -     - model          : tavola da surf
2025-09-09 15:22:51 - INFO -     - price          : 10.0
2025-09-09 15:22:51 - INFO -     - location       : Roma (RM)
2025-09-09 15:22:51 - INFO -     - link           : https://www.subito.it/sport/tavola-da-surf-roma-577964849.htm
2025-09-09 15:22:51 - INFO -     - brand          : None
2025-09-09 15:22:51 - INFO -     - length_ft      : None
2025-09-09 15:22:51 - INFO -     - length_in      : None
2025-09-09 15:22:51 - INFO -     - width_in       : None
2025-09-09 15:22:51 - INFO -     - thickness_in   : None
2025-09-09 15:22:51 - INFO -     - liters         : None
2025-09-09 15:22:52 - INFO - --- Processing NEW ad: https://www.subito.it/sport/supporto-porta-tavola-da-surf-per-moto-roma-576858805.htm ---
2025-09-09 15:22:53 - INFO -   > Scraped Data for Ad:
2025-09-09 15:22:53 - INFO -     - model          : Supporto/porta tavola da surf per moto
2025-09-09 15:22:53 - INFO -     - price          : 254.0
2025-09-09 15:22:53 - INFO -     - location       : Roma (RM)
2025-09-09 15:22:53 - INFO -     - link           : https://www.subito.it/sport/supporto-porta-tavola-da-surf-per-moto-roma-576858805.htm
2025-09-09 15:22:53 - INFO -     - brand          : Sic
2025-09-09 15:22:53 - INFO -     - length_ft      : None
2025-09-09 15:22:53 - INFO -     - length_in      : None
2025-09-09 15:22:53 - INFO -     - width_in       : None
2025-09-09 15:22:53 - INFO -     - thickness_in   : None
2025-09-09 15:22:53 - INFO -     - liters         : None
2025-09-09 15:22:55 - INFO - --- Processing NEW ad: https://www.subito.it/auto/jeep-grand-cherokee-wj-2-7-td-kit-rialzata-45-cm-roma-576490119.htm ---
2025-09-09 15:22:56 - INFO -   > Scraped Data for Ad:
2025-09-09 15:22:56 - INFO -     - model          : Jeep Grand Cherokee WJ 2,7 TD Kit Rialzata 45 cm
2025-09-09 15:22:56 - INFO -     - price          : 7.3
2025-09-09 15:22:56 - INFO -     - location       : Roma (RM)
2025-09-09 15:22:56 - INFO -     - link           : https://www.subito.it/auto/jeep-grand-cherokee-wj-2-7-td-kit-rialzata-45-cm-roma-576490119.htm
2025-09-09 15:22:56 - INFO -     - brand          : None
2025-09-09 15:22:56 - INFO -     - length_ft      : None
2025-09-09 15:22:56 - INFO -     - length_in      : None
2025-09-09 15:22:56 - INFO -     - width_in       : None
2025-09-09 15:22:56 - INFO -     - thickness_in   : None
2025-09-09 15:22:56 - INFO -     - liters         : None
2025-09-09 15:22:58 - INFO - --- Processing NEW ad: https://www.subito.it/sport/tavola-surf-rrd-chiatta-5-8-roma-576238389.htm ---
2025-09-09 15:22:59 - INFO -   > Scraped Data for Ad:
2025-09-09 15:22:59 - INFO -     - model          : Tavola surf RRD Chiatta 5’8”
2025-09-09 15:22:59 - INFO -     - price          : 200.0
2025-09-09 15:22:59 - INFO -     - location       : Roma (RM)
2025-09-09 15:22:59 - INFO -     - link           : https://www.subito.it/sport/tavola-surf-rrd-chiatta-5-8-roma-576238389.htm
2025-09-09 15:22:59 - INFO -     - brand          : None
2025-09-09 15:22:59 - INFO -     - length_ft      : 5
2025-09-09 15:22:59 - INFO -     - length_in      : 8
2025-09-09 15:22:59 - INFO -     - width_in       : None
2025-09-09 15:22:59 - INFO -     - thickness_in   : None
2025-09-09 15:22:59 - INFO -     - liters         : None
2025-09-09 15:23:01 - INFO - --- Processing NEW ad: https://www.subito.it/sport/tavola-da-surf-7-11-roma-575885072.htm ---
2025-09-09 15:23:01 - INFO -   > Scraped Data for Ad:
2025-09-09 15:23:01 - INFO -     - model          : Tavola da surf 7/ 11”
2025-09-09 15:23:01 - INFO -     - price          : 300.0
2025-09-09 15:23:01 - INFO -     - location       : Roma (RM)
2025-09-09 15:23:01 - INFO -     - link           : https://www.subito.it/sport/tavola-da-surf-7-11-roma-575885072.htm
2025-09-09 15:23:01 - INFO -     - brand          : None
2025-09-09 15:23:01 - INFO -     - length_ft      : None
2025-09-09 15:23:01 - INFO -     - length_in      : None
2025-09-09 15:23:01 - INFO -     - width_in       : None
2025-09-09 15:23:01 - INFO -     - thickness_in   : None
2025-09-09 15:23:01 - INFO -     - liters         : None
2025-09-09 15:23:04 - INFO - --- Processing NEW ad: https://www.subito.it/sport/tavola-da-surf-roma-575314667.htm ---
2025-09-09 15:23:04 - INFO -   > Scraped Data for Ad:
2025-09-09 15:23:04 - INFO -     - model          : tavola da surf
2025-09-09 15:23:04 - INFO -     - price          : 200.0
2025-09-09 15:23:04 - INFO -     - location       : Roma (RM)
2025-09-09 15:23:04 - INFO -     - link           : https://www.subito.it/sport/tavola-da-surf-roma-575314667.htm
2025-09-09 15:23:04 - INFO -     - brand          : None
2025-09-09 15:23:04 - INFO -     - length_ft      : None
2025-09-09 15:23:04 - INFO -     - length_in      : None
2025-09-09 15:23:04 - INFO -     - width_in       : None
2025-09-09 15:23:04 - INFO -     - thickness_in   : None
2025-09-09 15:23:04 - INFO -     - liters         : None
2025-09-09 15:23:06 - INFO - --- Processing NEW ad: https://www.subito.it/sport/tubo-porta-vele-alberi-boma-attrezzatura-windsurf-roma-518362830.htm ---
2025-09-09 15:23:06 - INFO -   > Scraped Data for Ad:
2025-09-09 15:23:06 - INFO -     - model          : Tubo porta vele alberi boma attrezzatura windsurf
2025-09-09 15:23:06 - INFO -     - price          : 99.0
2025-09-09 15:23:06 - INFO -     - location       : Roma (RM)
2025-09-09 15:23:06 - INFO -     - link           : https://www.subito.it/sport/tubo-porta-vele-alberi-boma-attrezzatura-windsurf-roma-518362830.htm
2025-09-09 15:23:06 - INFO -     - brand          : Sic
2025-09-09 15:23:06 - INFO -     - length_ft      : None
2025-09-09 15:23:06 - INFO -     - length_in      : None
2025-09-09 15:23:06 - INFO -     - width_in       : None
2025-09-09 15:23:06 - INFO -     - thickness_in   : None
2025-09-09 15:23:06 - INFO -     - liters         : None
2025-09-09 15:23:08 - INFO - --- Processing NEW ad: https://www.subito.it/sport/longboard-surf-tavola-9-log-machine-perfetta-roma-518011693.htm ---
2025-09-09 15:23:08 - INFO -   > Scraped Data for Ad:
2025-09-09 15:23:08 - INFO -     - model          : Longboard Surf Tavola 9" Log Machine perfetta
2025-09-09 15:23:08 - INFO -     - price          : 500.0
2025-09-09 15:23:08 - INFO -     - location       : Roma (RM)
2025-09-09 15:23:08 - INFO -     - link           : https://www.subito.it/sport/longboard-surf-tavola-9-log-machine-perfetta-roma-518011693.htm
2025-09-09 15:23:08 - INFO -     - brand          : None
2025-09-09 15:23:08 - INFO -     - length_ft      : 9
2025-09-09 15:23:08 - INFO -     - length_in      : 0
2025-09-09 15:23:08 - INFO -     - width_in       : None
2025-09-09 15:23:08 - INFO -     - thickness_in   : None
2025-09-09 15:23:08 - INFO -     - liters         : None
2025-09-09 15:23:09 - INFO - --- Processing NEW ad: https://www.subito.it/sport/skate-surf-on-tarmac-roma-574020462.htm ---
2025-09-09 15:23:09 - INFO -   > Scraped Data for Ad:
2025-09-09 15:23:09 - INFO -     - model          : Skate "surf on tarmac"
2025-09-09 15:23:09 - INFO -     - price          : 50.0
2025-09-09 15:23:09 - INFO -     - location       : Roma (RM)
2025-09-09 15:23:09 - INFO -     - link           : https://www.subito.it/sport/skate-surf-on-tarmac-roma-574020462.htm
2025-09-09 15:23:09 - INFO -     - brand          : None
2025-09-09 15:23:09 - INFO -     - length_ft      : 5
2025-09-09 15:23:09 - INFO -     - length_in      : 0
2025-09-09 15:23:09 - INFO -     - width_in       : 7.8
2025-09-09 15:23:09 - INFO -     - thickness_in   : None
2025-09-09 15:23:09 - INFO -     - liters         : None
2025-09-09 15:23:11 - INFO - --- Processing NEW ad: https://www.subito.it/sport/tavola-da-surf-roma-573890361.htm ---
2025-09-09 15:23:11 - INFO -   > Scraped Data for Ad:
2025-09-09 15:23:11 - INFO -     - model          : tavola da surf
2025-09-09 15:23:11 - INFO -     - price          : 250.0
2025-09-09 15:23:11 - INFO -     - location       : Roma (RM)
2025-09-09 15:23:11 - INFO -     - link           : https://www.subito.it/sport/tavola-da-surf-roma-573890361.htm
2025-09-09 15:23:11 - INFO -     - brand          : Lost
2025-09-09 15:23:11 - INFO -     - length_ft      : None
2025-09-09 15:23:11 - INFO -     - length_in      : None
2025-09-09 15:23:11 - INFO -     - width_in       : None
2025-09-09 15:23:11 - INFO -     - thickness_in   : None
2025-09-09 15:23:11 - INFO -     - liters         : None
2025-09-09 15:23:14 - INFO - --- Processing NEW ad: https://www.subito.it/sport/riparazioni-sup-surf-kite-altro-professionali-roma-573680043.htm ---
2025-09-09 15:23:14 - INFO -   > Scraped Data for Ad:
2025-09-09 15:23:14 - INFO -     - model          : Riparazioni Sup Surf Kite altro professionali
2025-09-09 15:23:14 - INFO -     - price          : 30.0
2025-09-09 15:23:14 - INFO -     - location       : Roma (RM)
2025-09-09 15:23:14 - INFO -     - link           : https://www.subito.it/sport/riparazioni-sup-surf-kite-altro-professionali-roma-573680043.htm
2025-09-09 15:23:14 - INFO -     - brand          : None
2025-09-09 15:23:14 - INFO -     - length_ft      : None
2025-09-09 15:23:14 - INFO -     - length_in      : None
2025-09-09 15:23:14 - INFO -     - width_in       : None
2025-09-09 15:23:14 - INFO -     - thickness_in   : None
2025-09-09 15:23:14 - INFO -     - liters         : None
2025-09-09 15:23:17 - INFO - --- Processing NEW ad: https://www.subito.it/sport/lightning-bolt-fish-roma-572390424.htm ---
2025-09-09 15:23:17 - INFO -   > Scraped Data for Ad:
2025-09-09 15:23:17 - INFO -     - model          : Lightning bolt fish
2025-09-09 15:23:17 - INFO -     - price          : 649.0
2025-09-09 15:23:17 - INFO -     - location       : Roma (RM)
2025-09-09 15:23:17 - INFO -     - link           : https://www.subito.it/sport/lightning-bolt-fish-roma-572390424.htm
2025-09-09 15:23:17 - INFO -     - brand          : None
2025-09-09 15:23:17 - INFO -     - length_ft      : 5
2025-09-09 15:23:17 - INFO -     - length_in      : 8
2025-09-09 15:23:17 - INFO -     - width_in       : 22.0
2025-09-09 15:23:17 - INFO -     - thickness_in   : 2.75
2025-09-09 15:23:17 - INFO -     - liters         : 38.8
2025-09-09 15:23:20 - INFO - --- Processing NEW ad: https://www.subito.it/sport/tavola-da-surf-8-6-olaian-roma-571641843.htm ---
2025-09-09 15:23:20 - INFO -   > Scraped Data for Ad:
2025-09-09 15:23:20 - INFO -     - model          : Tavola da surf  8'6 olaian
2025-09-09 15:23:20 - INFO -     - price          : 180.0
2025-09-09 15:23:20 - INFO -     - location       : Roma (RM)
2025-09-09 15:23:20 - INFO -     - link           : https://www.subito.it/sport/tavola-da-surf-8-6-olaian-roma-571641843.htm
2025-09-09 15:23:20 - INFO -     - brand          : None
2025-09-09 15:23:20 - INFO -     - length_ft      : 8
2025-09-09 15:23:20 - INFO -     - length_in      : 6
2025-09-09 15:23:20 - INFO -     - width_in       : None
2025-09-09 15:23:20 - INFO -     - thickness_in   : None
2025-09-09 15:23:20 - INFO -     - liters         : None
2025-09-09 15:23:22 - INFO - --- Processing NEW ad: https://www.subito.it/sport/tavola-da-surf-roma-571507950.htm ---
2025-09-09 15:23:22 - INFO -   > Scraped Data for Ad:
2025-09-09 15:23:22 - INFO -     - model          : tavola da surf
2025-09-09 15:23:22 - INFO -     - price          : 120.0
2025-09-09 15:23:22 - INFO -     - location       : Roma (RM)
2025-09-09 15:23:22 - INFO -     - link           : https://www.subito.it/sport/tavola-da-surf-roma-571507950.htm
2025-09-09 15:23:22 - INFO -     - brand          : None
2025-09-09 15:23:22 - INFO -     - length_ft      : 5
2025-09-09 15:23:22 - INFO -     - length_in      : 10
2025-09-09 15:23:22 - INFO -     - width_in       : None
2025-09-09 15:23:22 - INFO -     - thickness_in   : None
2025-09-09 15:23:22 - INFO -     - liters         : 35.0
2025-09-09 15:23:25 - INFO - --- Processing NEW ad: https://www.subito.it/sport/tavola-sup-roma-457360533.htm ---
2025-09-09 15:23:25 - INFO -   > Scraped Data for Ad:
2025-09-09 15:23:25 - INFO -     - model          : Tavola sup
2025-09-09 15:23:25 - INFO -     - price          : 220.0
2025-09-09 15:23:25 - INFO -     - location       : Roma (RM)
2025-09-09 15:23:25 - INFO -     - link           : https://www.subito.it/sport/tavola-sup-roma-457360533.htm
2025-09-09 15:23:25 - INFO -     - brand          : None
2025-09-09 15:23:25 - INFO -     - length_ft      : 9
2025-09-09 15:23:25 - INFO -     - length_in      : 8
2025-09-09 15:23:25 - INFO -     - width_in       : None
2025-09-09 15:23:25 - INFO -     - thickness_in   : None
2025-09-09 15:23:25 - INFO -     - liters         : None
2025-09-09 15:23:27 - INFO - --- Processing NEW ad: https://www.subito.it/sport/tavola-da-surf-9-1-roma-569768982.htm ---
2025-09-09 15:23:27 - INFO -   > Scraped Data for Ad:
2025-09-09 15:23:27 - INFO -     - model          : tavola da surf 9.1
2025-09-09 15:23:27 - INFO -     - price          : 350.0
2025-09-09 15:23:27 - INFO -     - location       : Roma (RM)
2025-09-09 15:23:27 - INFO -     - link           : https://www.subito.it/sport/tavola-da-surf-9-1-roma-569768982.htm
2025-09-09 15:23:27 - INFO -     - brand          : None
2025-09-09 15:23:27 - INFO -     - length_ft      : 9
2025-09-09 15:23:27 - INFO -     - length_in      : 1
2025-09-09 15:23:27 - INFO -     - width_in       : None
2025-09-09 15:23:27 - INFO -     - thickness_in   : None
2025-09-09 15:23:27 - INFO -     - liters         : None
2025-09-09 15:23:29 - INFO - --- Processing NEW ad: https://www.subito.it/sport/tavola-da-surf-roma-569256622.htm ---
2025-09-09 15:23:29 - INFO -   > Scraped Data for Ad:
2025-09-09 15:23:29 - INFO -     - model          : Tavola da surf
2025-09-09 15:23:29 - INFO -     - price          : 400.0
2025-09-09 15:23:29 - INFO -     - location       : Roma (RM)
2025-09-09 15:23:29 - INFO -     - link           : https://www.subito.it/sport/tavola-da-surf-roma-569256622.htm
2025-09-09 15:23:29 - INFO -     - brand          : None
2025-09-09 15:23:29 - INFO -     - length_ft      : None
2025-09-09 15:23:29 - INFO -     - length_in      : None
2025-09-09 15:23:29 - INFO -     - width_in       : None
2025-09-09 15:23:29 - INFO -     - thickness_in   : None
2025-09-09 15:23:29 - INFO -     - liters         : None
2025-09-09 15:23:35 - INFO - Scraping search results from: https://www.subito.it/annunci-lazio/vendita/usato/roma/roma/?q=surfboard&o=1
2025-09-09 15:23:36 - INFO - Found 28 potential ad containers on page 1.
2025-09-09 15:23:39 - INFO - Scraping search results from: https://www.subito.it/annunci-lazio/vendita/usato/roma/roma/?q=surfboard&o=2
2025-09-09 15:23:39 - INFO - Found 0 potential ad containers on page 2.
2025-09-09 15:23:39 - INFO - No more ads found on page 2. Moving to next search term.
2025-09-09 15:23:39 - INFO - Committing new ads to the database...
2025-09-09 15:23:39 - INFO - Scraping session finished. Added 98 new ads.
2025-09-11 11:32:40 - INFO - Scraping search results from: https://www.subito.it/annunci-lazio/vendita/usato/roma/roma/?q=tavola+da+surf&o=1
2025-09-11 11:32:41 - INFO - Found 31 potential ad containers on page 1.
2025-09-11 11:32:41 - INFO - --- Processing NEW ad: https://www.subito.it/sport/tavola-surf-6-0-41-litri-roma-615918543.htm ---
2025-09-11 11:32:41 - INFO -   > Scraped Data for Ad:
2025-09-11 11:32:41 - INFO -     - model          : tavola surf 6.0 41 litri
2025-09-11 11:32:41 - INFO -     - price          : 300.0
2025-09-11 11:32:41 - INFO -     - location       : Roma (RM)
2025-09-11 11:32:41 - INFO -     - link           : https://www.subito.it/sport/tavola-surf-6-0-41-litri-roma-615918543.htm
2025-09-11 11:32:41 - INFO -     - brand          : None
2025-09-11 11:32:41 - INFO -     - length_ft      : 6
2025-09-11 11:32:41 - INFO -     - length_in      : 0
2025-09-11 11:32:41 - INFO -     - width_in       : None
2025-09-11 11:32:41 - INFO -     - thickness_in   : None
2025-09-11 11:32:41 - INFO -     - liters         : 41.0
2025-09-11 11:32:42 - INFO - --- Processing NEW ad: https://www.subito.it/sport/tavola-surf-soft-5-6-roma-615852437.htm ---
2025-09-11 11:32:43 - INFO -   > Scraped Data for Ad:
2025-09-11 11:32:43 - INFO -     - model          : Tavola Surf Soft 5.6
2025-09-11 11:32:43 - INFO -     - price          : 219.0
2025-09-11 11:32:43 - INFO -     - location       : Roma (RM)
2025-09-11 11:32:43 - INFO -     - link           : https://www.subito.it/sport/tavola-surf-soft-5-6-roma-615852437.htm
2025-09-11 11:32:43 - INFO -     - brand          : None
2025-09-11 11:32:43 - INFO -     - length_ft      : 5
2025-09-11 11:32:43 - INFO -     - length_in      : 6
2025-09-11 11:32:43 - INFO -     - width_in       : None
2025-09-11 11:32:43 - INFO -     - thickness_in   : None
2025-09-11 11:32:43 - INFO -     - liters         : 40.0
2025-09-11 11:32:44 - INFO - --- Processing NEW ad: https://www.subito.it/sport/tavola-kite-surf-rrd-bliss-v4-roma-615849811.htm ---
2025-09-11 11:32:45 - INFO -   > Scraped Data for Ad:
2025-09-11 11:32:45 - INFO -     - model          : tavola kite surf rrd bliss v4
2025-09-11 11:32:45 - INFO -     - price          : 350.0
2025-09-11 11:32:45 - INFO -     - location       : Roma (RM)
2025-09-11 11:32:45 - INFO -     - link           : https://www.subito.it/sport/tavola-kite-surf-rrd-bliss-v4-roma-615849811.htm
2025-09-11 11:32:45 - INFO -     - brand          : Sic
2025-09-11 11:32:45 - INFO -     - length_ft      : None
2025-09-11 11:32:45 - INFO -     - length_in      : None
2025-09-11 11:32:45 - INFO -     - width_in       : None
2025-09-11 11:32:45 - INFO -     - thickness_in   : None
2025-09-11 11:32:45 - INFO -     - liters         : None
2025-09-11 11:32:46 - INFO - --- Processing NEW ad: https://www.subito.it/sport/tavola-da-surf-5-10-roma-615816833.htm ---
2025-09-11 11:32:46 - INFO -   > Scraped Data for Ad:
2025-09-11 11:32:46 - INFO -     - model          : Tavola da surf 5’10
2025-09-11 11:32:46 - INFO -     - price          : 320.0
2025-09-11 11:32:46 - INFO -     - location       : Roma (RM)
2025-09-11 11:32:46 - INFO -     - link           : https://www.subito.it/sport/tavola-da-surf-5-10-roma-615816833.htm
2025-09-11 11:32:46 - INFO -     - brand          : None
2025-09-11 11:32:46 - INFO -     - length_ft      : 5
2025-09-11 11:32:46 - INFO -     - length_in      : 10
2025-09-11 11:32:46 - INFO -     - width_in       : None
2025-09-11 11:32:46 - INFO -     - thickness_in   : None
2025-09-11 11:32:46 - INFO -     - liters         : 31.0
2025-09-11 11:32:49 - INFO - --- Processing NEW ad: https://www.subito.it/sport/tavola-da-surf-scorpion-2-takayama-6-4-43-lt-roma-615686784.htm ---
2025-09-11 11:32:49 - INFO -   > Scraped Data for Ad:
2025-09-11 11:32:49 - INFO -     - model          : Tavola da surf - Scorpion 2 Takayama 6.4 (43 lt)
2025-09-11 11:32:49 - INFO -     - price          : 500.0
2025-09-11 11:32:49 - INFO -     - location       : Roma (RM)
2025-09-11 11:32:49 - INFO -     - link           : https://www.subito.it/sport/tavola-da-surf-scorpion-2-takayama-6-4-43-lt-roma-615686784.htm
2025-09-11 11:32:49 - INFO -     - brand          : None
2025-09-11 11:32:49 - INFO -     - length_ft      : 6
2025-09-11 11:32:49 - INFO -     - length_in      : 4
2025-09-11 11:32:49 - INFO -     - width_in       : None
2025-09-11 11:32:49 - INFO -     - thickness_in   : None
2025-09-11 11:32:49 - INFO -     - liters         : 43.0
2025-09-11 11:32:55 - INFO - Scraping search results from: https://www.subito.it/annunci-lazio/vendita/usato/roma/roma/?q=tavola+da+surf&o=2
2025-09-11 11:32:55 - INFO - Found 31 potential ad containers on page 2.
2025-09-11 11:32:59 - INFO - Scraping search results from: https://www.subito.it/annunci-lazio/vendita/usato/roma/roma/?q=tavola+da+surf&o=3
2025-09-11 11:33:00 - INFO - Found 31 potential ad containers on page 3.
2025-09-11 11:33:02 - INFO - Scraping search results from: https://www.subito.it/annunci-lazio/vendita/usato/roma/roma/?q=tavola+da+surf&o=4
2025-09-11 11:33:02 - INFO - Found 31 potential ad containers on page 4.
2025-09-11 11:33:06 - INFO - Scraping search results from: https://www.subito.it/annunci-lazio/vendita/usato/roma/roma/?q=tavola+da+surf&o=5
2025-09-11 11:33:06 - INFO - Found 27 potential ad containers on page 5.
2025-09-11 11:33:09 - INFO - Scraping search results from: https://www.subito.it/annunci-lazio/vendita/usato/roma/roma/?q=surfboard&o=1
2025-09-11 11:33:10 - INFO - Found 29 potential ad containers on page 1.
2025-09-11 11:33:10 - INFO - --- Processing NEW ad: https://www.subito.it/sport/tavola-da-surf-5-10-roma-615816833.htm ---
2025-09-11 11:33:10 - INFO -   > Scraped Data for Ad:
2025-09-11 11:33:10 - INFO -     - model          : Tavola da surf 5’10
2025-09-11 11:33:10 - INFO -     - price          : 320.0
2025-09-11 11:33:10 - INFO -     - location       : Roma (RM)
2025-09-11 11:33:10 - INFO -     - link           : https://www.subito.it/sport/tavola-da-surf-5-10-roma-615816833.htm
2025-09-11 11:33:10 - INFO -     - brand          : None
2025-09-11 11:33:10 - INFO -     - length_ft      : 5
2025-09-11 11:33:10 - INFO -     - length_in      : 10
2025-09-11 11:33:10 - INFO -     - width_in       : None
2025-09-11 11:33:10 - INFO -     - thickness_in   : None
2025-09-11 11:33:10 - INFO -     - liters         : 31.0
2025-09-11 11:33:16 - INFO - Scraping search results from: https://www.subito.it/annunci-lazio/vendita/usato/roma/roma/?q=surfboard&o=2
2025-09-11 11:33:16 - INFO - Found 0 potential ad containers on page 2.
2025-09-11 11:33:16 - INFO - No more ads found on page 2. Moving to next search term.
2025-09-11 11:33:16 - INFO - Committing new ads to the database...
2025-09-11 11:33:16 - INFO - Scraping session finished. Added 6 new ads.
